0fb2c710 Fri Jul 25 06:55:58 2025 067656: DEBUG: Packet dump:
0fb2c710 *** Sending to 10.42.96.38 port 53322 ....
0fb2c710 Code:       Access-Reject
0fb2c710 Identifier: 252
0fb2c710 Authentic:  ,<199>S<181><24><160>?<222><205>W84<5>k<178>j
0fb2c710 Attributes:
0fb2c710 	EAP-Message = <4><10><0><4>
0fb2c710 	Message-Authenticator = ~<234><188>/<194><228>f<145><11>!<200><233>w<178>Vz
0fb2c710 	Reply-Message = "Request Denied"

00000000 Fri Jul 25 07:00:29 2025 985397: DEBUG: Connecting to 'dbi:Pg:dbname=radius;host=10.42.4.5;port=5432 Connection id: 0-00000'
00000000 Fri Jul 25 07:00:30 2025 009007: DEBUG: Adding Clients from SQL database
00000000 Fri Jul 25 07:00:30 2025 009155: DEBUG: Query to 'dbi:Pg:dbname=radius;host=10.42.4.5;port=5432 Connection id: 0-00000': 'select 
00000000 	NASIDENTIFIER,
00000000 	SECRET,
00000000 	IGNOREACCTSIGNATURE,
00000000 	DUPINTERVAL,
00000000 	DEFAULTREALM,
00000000 	NASTYPE,
00000000 	SNMPCOMMUNITY,
00000000 	LIVINGSTONOFFS,
00000000 	LIVINGSTONHOLE,
00000000 	FRAMEDGROUPBASEADDRESS,
00000000 	FRAMEDGROUPMAXPORTSPERCLASSC,
00000000 	REWRITEUSERNAME,
00000000 	NOIGNOREDUPLICATES,
00000000 	PREHANDLERHOOK from RADCLIENTLIST': 
00000000 Fri Jul 25 07:00:30 2025 010507: DEBUG: ClientListSQL adds Client 12.0.0.1
00000000 Fri Jul 25 07:00:30 2025 010713: DEBUG: ClientListSQL adds Client 172.31.239.66
00000000 Fri Jul 25 07:00:30 2025 010924: DEBUG: ClientListSQL adds Client 172.31.239.68
00000000 Fri Jul 25 07:00:30 2025 011130: DEBUG: ClientListSQL adds Client 127.0.0.1
00000000 Fri Jul 25 07:00:30 2025 011280: DEBUG: ClientListSQL adds Client 202.60.9.29
00000000 Fri Jul 25 07:00:30 2025 011442: DEBUG: ClientListSQL adds Client 103.123.147.29
00000000 Fri Jul 25 07:00:30 2025 011591: DEBUG: ClientListSQL adds Client 202.60.11.212
00000000 Fri Jul 25 07:00:30 2025 011737: DEBUG: ClientListSQL adds Client 10.42.96.0/24
00000000 Fri Jul 25 07:00:30 2025 052712: DEBUG: SCTP socket API extensions not available
00000000 Fri Jul 25 07:00:30 2025 052887: DEBUG: Finished reading configuration file '/etc/radiator/radiator.conf'
00000000 Fri Jul 25 07:00:30 2025 055414: DEBUG: Reading dictionary file '/opt/radiator/radiator/dictionary'
00000000 Fri Jul 25 07:00:30 2025 153149: INFO: Using Net::SSLeay 1.88 with SSL/TLS library version 0x1010106f (OpenSSL 1.1.1f  31 Mar 2020)
00000000 Fri Jul 25 07:00:30 2025 153435: DEBUG: SSL/TLS library and Net::SSLeay support set_default_passwd_cb and related functions
00000000 Fri Jul 25 07:00:30 2025 153534: DEBUG: This system is IPv6 capable. IPv6 capability provided by: core
00000000 Fri Jul 25 07:00:30 2025 154363: DEBUG: Creating authentication port 0.0.0.0:1812
00000000 Fri Jul 25 07:00:30 2025 154672: DEBUG: Creating accounting port 0.0.0.0:1813
00000000 Fri Jul 25 07:00:30 2025 154865: NOTICE: Server started: Radiator 4.23 on 8bffbc75e233
00000000 Fri Jul 25 07:01:04 2025 879894: WARNING: Attribute number 4 (vendor 4881) from 10.42.96.38 port 53322 is not defined in your dictionary. Enable ProxyUnknownAttributes if unknowns need to be proxied
13ff1430 Fri Jul 25 07:01:04 2025 880958: DEBUG: Packet dump:
13ff1430 *** Received from 10.42.96.38 port 53322 ....
13ff1430 Code:       Access-Request
13ff1430 Identifier: 253
13ff1430 Authentic:  <146><182><202><170><187><128><171><214><166><142>6<160><218>.}<176>
13ff1430 Attributes:
13ff1430 	User-Name = "charchels"
13ff1430 	NAS-Port-Id = "Dot11radio 2/0.2"
13ff1430 	NAS-Port-Type = Wireless-IEEE-802-11
13ff1430 	Framed-IP-Address = 0.0.0.0
13ff1430 	NAS-Port = 2
13ff1430 	Acct-Session-Id = "00749cd4a19e_000_0000000022_1753426864"
13ff1430 	Calling-Station-Id = "be75f405967a"
13ff1430 	Called-Station-Id = "00749cd4a19e:Zeep_Test_Radiator"
13ff1430 	Unknown-4881-4 = <0><0><0>3
13ff1430 	EAP-Message = <2><1><0><14><1>charchels
13ff1430 	Message-Authenticator = <178><239><172><133><130>T<253><242>w<242><28><139>2<179><245><244>
13ff1430 	Service-Type = Framed-User
13ff1430 	Framed-Routing = None
13ff1430 	Framed-IP-Netmask = 0.0.0.0
13ff1430 	Framed-Route = "0.0.0.0"
13ff1430 	Login-IP-Host = 0.0.0.0
13ff1430 	NAS-IP-Address = 10.42.96.38

13ff1430 Fri Jul 25 07:01:04 2025 881370: DEBUG: Handling request with Handler '', Identifier ''
13ff1430 Fri Jul 25 07:01:04 2025 881640: DEBUG: SessINTERNAL: Deleting session for charchels, 10.42.96.38, 2
13ff1430 Fri Jul 25 07:01:04 2025 895587: DEBUG: Handling with AuthSQL
13ff1430 Fri Jul 25 07:01:04 2025 895730: DEBUG: Handling with Radius::AuthSQL: 
13ff1430 Fri Jul 25 07:01:04 2025 896053: DEBUG: Handling with EAP: code 2, 1, 14, 1
13ff1430 Fri Jul 25 07:01:04 2025 896185: DEBUG: Response type 1
00000000 Fri Jul 25 07:01:04 2025 897018: DEBUG: Initialised SSL library: Net::SSLeay 1.88, OpenSSL 1.1.1f  31 Mar 2020
00000000 Fri Jul 25 07:01:04 2025 899556: DEBUG: Radius::AuthSQL  setting EAPTLS_Ciphers to: DEFAULT:!EXPORT:!LOW
13ff1430 Fri Jul 25 07:01:04 2025 900364: DEBUG: EAP result: 3, EAP PEAP Challenge
13ff1430 Fri Jul 25 07:01:04 2025 900508: DEBUG: AuthBy SQL result: CHALLENGE, EAP PEAP Challenge
13ff1430 Fri Jul 25 07:01:04 2025 900654: DEBUG: Access challenged for charchels: EAP PEAP Challenge
13ff1430 Fri Jul 25 07:01:04 2025 901044: DEBUG: Packet dump:
13ff1430 *** Sending to 10.42.96.38 port 53322 ....
13ff1430 Code:       Access-Challenge
13ff1430 Identifier: 253
13ff1430 Authentic:  <216>"c<27>N<206>><1><170><252><155><131><172><23><203><233>
13ff1430 Attributes:
13ff1430 	EAP-Message = <1><2><0><6><25> 
13ff1430 	Message-Authenticator = 8<143><177><184>YJ<217><223><231><225>`<234><10><234><210>9

1a7a9c10 Fri Jul 25 07:01:04 2025 910584: DEBUG: Packet dump:
1a7a9c10 *** Received from 10.42.96.38 port 53322 ....
1a7a9c10 Code:       Access-Request
1a7a9c10 Identifier: 254
1a7a9c10 Authentic:  <242><182><202><170><187><128><171><214><166><142>6<160><218>.}<176>
1a7a9c10 Attributes:
1a7a9c10 	User-Name = "charchels"
1a7a9c10 	NAS-Port-Id = "Dot11radio 2/0.2"
1a7a9c10 	NAS-Port-Type = Wireless-IEEE-802-11
1a7a9c10 	Framed-IP-Address = 0.0.0.0
1a7a9c10 	NAS-Port = 2
1a7a9c10 	Acct-Session-Id = "00749cd4a19e_000_0000000022_1753426864"
1a7a9c10 	Calling-Station-Id = "be75f405967a"
1a7a9c10 	Called-Station-Id = "00749cd4a19e:Zeep_Test_Radiator"
1a7a9c10 	Unknown-4881-4 = <0><0><0>3
1a7a9c10 	EAP-Message = <2><2><0><141><25><128><0><0><0><131><22><3><1><0>~<1><0><0>z<3><3>!<134>+<136><232><158><30><137><250><196><27><198><231>W<222>><29>)4vpm<p<145>E<159>0<249><155><160><147><0><0><30><192>+<192>/<192>,<192>0<204><169><204><168><192><9><192><19><192><10><192><20><0><156><0><157><0>/<0>5<0><10><1><0><0>3<0><23><0><0><255><1><0><1><0><0><10><0><8><0><6><0><29><0><23><0><24><0><11><0><2><1><0><0><13><0><20><0><18><4><3><8><4><4><1><5><3><8><5><5><1><8><6><6><1><2><1>
1a7a9c10 	Message-Authenticator = <196><252><217><238><138><170>~z<206>1<6><12><215>7(h
1a7a9c10 	Service-Type = Framed-User
1a7a9c10 	Framed-Routing = None
1a7a9c10 	Framed-IP-Netmask = 0.0.0.0
1a7a9c10 	Framed-Route = "0.0.0.0"
1a7a9c10 	Login-IP-Host = 0.0.0.0
1a7a9c10 	NAS-IP-Address = 10.42.96.38

1a7a9c10 Fri Jul 25 07:01:04 2025 910818: DEBUG: Handling request with Handler '', Identifier ''
1a7a9c10 Fri Jul 25 07:01:04 2025 910998: DEBUG: SessINTERNAL: Deleting session for charchels, 10.42.96.38, 2
1a7a9c10 Fri Jul 25 07:01:04 2025 921912: DEBUG: Handling with AuthSQL
1a7a9c10 Fri Jul 25 07:01:04 2025 922035: DEBUG: Handling with Radius::AuthSQL: 
1a7a9c10 Fri Jul 25 07:01:04 2025 922228: DEBUG: Handling with EAP: code 2, 2, 141, 25
1a7a9c10 Fri Jul 25 07:01:04 2025 922333: DEBUG: Response type 25
1a7a9c10 Fri Jul 25 07:01:04 2025 924489: DEBUG: EAP TLS SSL_accept result: -1, 2, 26
1a7a9c10 Fri Jul 25 07:01:04 2025 924733: DEBUG: EAP result: 3, EAP PEAP Challenge
1a7a9c10 Fri Jul 25 07:01:04 2025 924847: DEBUG: AuthBy SQL result: CHALLENGE, EAP PEAP Challenge
1a7a9c10 Fri Jul 25 07:01:04 2025 924958: DEBUG: Access challenged for charchels: EAP PEAP Challenge
1a7a9c10 Fri Jul 25 07:01:04 2025 925550: DEBUG: Packet dump:
1a7a9c10 *** Sending to 10.42.96.38 port 53322 ....
1a7a9c10 Code:       Access-Challenge
1a7a9c10 Identifier: 254
1a7a9c10 Authentic:  TGON<129><181><234><198><141><178>Z<11><18>>Za
1a7a9c10 Attributes:
1a7a9c10 	EAP-Message = <1><3><3><242><25><192><0><0><11><190><22><3><3><0>=<2><0><0>9<3><3><232><183>PuK<28><224><176>0-<214><186><160><177><153><255><31><213>1'`<203><212><21><209><131><129><13><140><129>2_<0><192>/<0><0><17><255><1><0><1><0><0><11><0><4><3><0><1><2><0><23><0><0><22><3><3><10>=<11><0><10>9<0><10>6<0><4><135>0<130><4><131>0<130><2>k<160><3><2><1><2><2><20>H<148>)<201><180>Qz<177>up<206><248><194>s_o<23>9<20><169>0<13><6><9>*<134>H<134><247><13><1><1><11><5><0>0b1<11>0<9><6><3>U<4><6><19><2>PH1<21>0<19><6><3>U<4><8><12><12>Metro Manila1<15>0<13><6><3>U<4><7><12><6>Manila1<17>0<15><6><3>U<4><10><12><8>ZeepWifi1<24>0<22><6><3>U<4><3><12><15>radiator.server0<30><23><13>25051405
1a7a9c10 	EAP-Message = 5507Z<23><13>270817055507Z0c1<11>0<9><6><3>U<4><6><19><2>PH1<21>0<19><6><3>U<4><8><12><12>Metro Manila1<15>0<13><6><3>U<4><7><12><6>Manila1<17>0<15><6><3>U<4><10><12><8>ZeepWifi1<25>0<23><6><3>U<4><3><12><16>radiator.example0<130><1>"0<13><6><9>*<134>H<134><247><13><1><1><1><5><0><3><130><1><15><0>0<130><1><10><2><130><1><1><0><185>4<8>=<212><143>l<22><175><132>/<2>h<157>N<154><210><31>g<6>+sk<246><6>`<241><214><186><235>_<199><180>E<134><233><22><173><198>v<207> <225><150><128>!P<159><187>vuv\*<234><204><171>B<153>v<253><253>z4<254><220><28><166><176><131><224><200><187><176><16><137><128><229><177>n<130>B&<147><248>T_PJ9-<243><248><175><29><243><219><211>U
1a7a9c10 	EAP-Message = <166><163><197><12><218><199><172>y<211><251><161>p<172><153>N<11>(!2<27><180><246><160><19><7>;L]<16><167><255><17><190>zx:<221><217>l<193>DI<22><2>6P<231><224><146>jf<6><169>[<179><159><31>E<129>v<233><154><233><10>8xgb<168>Q<246>q<18><166><216><202><139>r1<160><203><193><254><193><254>#<129><241><239>eT<6><152><176><29>'<13>!*R<156><172><22><195>&<244>T<17><150><240><182><249><15><230>U<15><140>fU<230><212>:~<237><177>B<148><235><165><207><211><174><17><138><243> <227>q<2><241>n\<210>w<8><225><13>0]<221><212><168><178><227>A<161><151><2><3><1><0><1><163>00.0,<6><3>U<29><17><4>%0#<130><15>radiator.server<130><16>radiator.example0<13><6><9>*<134>H<134><247><13><1><1><11><5><0><3><130><2><1><0>JME<174>X<234><153><20><152><154>'<216><17><196><181><177>b<225><214><239><240>
1a7a9c10 	EAP-Message = <152><166>G<7><232><15><196>-<<139>b<156><140><137><194><221><144><203><1><149><129><11><204><228><181><238>#i<180>kF<144><3><15><1><219>0<135><242><21><153><11><170><2>_?<22><138><197>MU<254>1<178><233><5><188><210>pJ=<211>lok5<135>;<205><5><239>|<139>'<156>7<170><150>'<221><189><23>G<216><147><253><225><7><138>b<0>5<136>0<249>f<178>k<141><216><239><167><212><26><138><181><30>2<150>5<175>nA<216><0><194><223><246>}'p<198>Q<236>?<218><194><2><29>5<133><3><171><159><249><131><175><0>B<130>&Z<205>W<131>=<147><204>=_<23>8<22><161>=G)<253><222>0<23><16>NS<248><212>7<193>5i<f:[<127><138>y8<130><135>w<188>[<172><250>h2<232>+`Q<29><14>u<12><210>=<243> <21>z{A<140>8<128>,<223><0><182>4<173>a<155>k*<164>tG<179>B<168>F<2><140>s<16><20><138><132><221>b<219>u<179>U<152>[B<231><176><200><19><254>_<154><146>SA<211><143>
1a7a9c10 	Message-Authenticator = 4*<241><206><5><249>_qS;.y<195>m<17>@

e285cb60 Fri Jul 25 07:01:04 2025 935970: DEBUG: Packet dump:
e285cb60 *** Received from 10.42.96.38 port 53322 ....
e285cb60 Code:       Access-Request
e285cb60 Identifier: 255
e285cb60 Authentic:  <242><182><202><170><187><128><171><214><166><142>6<155><218>.}<176>
e285cb60 Attributes:
e285cb60 	User-Name = "charchels"
e285cb60 	NAS-Port-Id = "Dot11radio 2/0.2"
e285cb60 	NAS-Port-Type = Wireless-IEEE-802-11
e285cb60 	Framed-IP-Address = 0.0.0.0
e285cb60 	NAS-Port = 2
e285cb60 	Acct-Session-Id = "00749cd4a19e_000_0000000022_1753426864"
e285cb60 	Calling-Station-Id = "be75f405967a"
e285cb60 	Called-Station-Id = "00749cd4a19e:Zeep_Test_Radiator"
e285cb60 	Unknown-4881-4 = <0><0><0>3
e285cb60 	EAP-Message = <2><3><0><6><25><0>
e285cb60 	Message-Authenticator = <13>u<11><228>(-[<136>3<186><244>n<134>}<205><183>
e285cb60 	Service-Type = Framed-User
e285cb60 	Framed-Routing = None
e285cb60 	Framed-IP-Netmask = 0.0.0.0
e285cb60 	Framed-Route = "0.0.0.0"
e285cb60 	Login-IP-Host = 0.0.0.0
e285cb60 	NAS-IP-Address = 10.42.96.38

e285cb60 Fri Jul 25 07:01:04 2025 936176: DEBUG: Handling request with Handler '', Identifier ''
e285cb60 Fri Jul 25 07:01:04 2025 936348: DEBUG: SessINTERNAL: Deleting session for charchels, 10.42.96.38, 2
e285cb60 Fri Jul 25 07:01:04 2025 947082: DEBUG: Handling with AuthSQL
e285cb60 Fri Jul 25 07:01:04 2025 947202: DEBUG: Handling with Radius::AuthSQL: 
e285cb60 Fri Jul 25 07:01:04 2025 947369: DEBUG: Handling with EAP: code 2, 3, 6, 25
e285cb60 Fri Jul 25 07:01:04 2025 947485: DEBUG: Response type 25
e285cb60 Fri Jul 25 07:01:04 2025 947641: DEBUG: EAP result: 3, EAP PEAP Challenge
e285cb60 Fri Jul 25 07:01:04 2025 947742: DEBUG: AuthBy SQL result: CHALLENGE, EAP PEAP Challenge
e285cb60 Fri Jul 25 07:01:04 2025 947847: DEBUG: Access challenged for charchels: EAP PEAP Challenge
e285cb60 Fri Jul 25 07:01:04 2025 948383: DEBUG: Packet dump:
e285cb60 *** Sending to 10.42.96.38 port 53322 ....
e285cb60 Code:       Access-Challenge
e285cb60 Identifier: 255
e285cb60 Authentic:  <183><21><135>L<158><152>@<183>n<186>!E(<203><203><208>
e285cb60 Attributes:
e285cb60 	EAP-Message = <1><4><3><238><25>@<218><224><155><169><151>`o<237><194><6><13>]K<161><143><224><22><164><26><175>~Gf<128><150><251><198><229><192><205><203>@RA<187><222><6><144><1>_<177><7><127><177><240><12>MF<212>;l<19><239><128><218><189><241><155><230><7>_<217><170>P.<241>t<234>%<147><190><135><8><253>kq<181><194><226><160>I=<196>^0<24><19>Z<187>*Q<185>k<14><7><195>(<2><19><204><130>P<138><127>`<31>"<0>i<21><162>dz<155>)<209><135><193><13>Se<251><184>J<186><161><238>C<31><224>2~<245><158><232>4U<144><183><250>k<148><228><28><12>sZ<10><133><166>s<137>;<131><202>y<189><170><213>h<13><222><22><5>grY7<227><148><242>i0<7><7>I<232><30><239>g<191>|R<247><161><169><27><160>Q<132><205>><27>mq<31><179>F<20><10><6>0Yo}j<152><201><21><149>y<221><10><162>B<218><148><153><134><152><13>|<209><162>r7<228>1<242><154><172><241>K<26><15>]<206><155><181><242><0><5><169>0<130><5><165>
e285cb60 	EAP-Message = 0<130><3><141><160><3><2><1><2><2><20><7><251>Zc<208><200><200><137><150><223>CG<142><180>y<216>Cg>40<13><6><9>*<134>H<134><247><13><1><1><11><5><0>0b1<11>0<9><6><3>U<4><6><19><2>PH1<21>0<19><6><3>U<4><8><12><12>Metro Manila1<15>0<13><6><3>U<4><7><12><6>Manila1<17>0<15><6><3>U<4><10><12><8>ZeepWifi1<24>0<22><6><3>U<4><3><12><15>radiator.server0<30><23><13>250514055313Z<23><13>350512055313Z0b1<11>0<9><6><3>U<4><6><19><2>PH1<21>0<19><6><3>U<4><8><12><12>Metro Manila1<15>0<13><6><3>U<4><7><12><6>Manila1<17>0<15><6><3>U<4><10><12><8>ZeepWifi1
e285cb60 	EAP-Message = <24>0<22><6><3>U<4><3><12><15>radiator.server0<130><2>"0<13><6><9>*<134>H<134><247><13><1><1><1><5><0><3><130><2><15><0>0<130><2><10><2><130><2><1><0><196><200><134><237>U<159>6<203>T<232><230><173>=<16><253>@<163>e<177><170><153>Z<4><206>&l<8>kiYm\<146><144>,ho<167><225>NKNC<133><186><157><25>Rk<238><131>c<255>0<186><222><0><1><138><190><137><198>'<5>8<160>0<252><219><253><15><243><246><127><196><238>3<127><213><227><196>d[<188>q<239><224><189><22><212>CDmp<202>W'<181><219>0I<213>0'<244><236><187><130><206><146>g<128>t&%<10>`<202><180><219><224><30>D<22><253>C<0><143><232>e<195><212><156><229><4>ts<240><255><247><180><249><208>c<236>"y<19><229><171>n<232><210><229>]<236><203><15>Ur<202><226><237><216><218><213><146><206><142><243>/QF<3><209><166><127><215><209><25><248>af^`k<252><191><8>?<221>[<161>;<195>
e285cb60 	EAP-Message = <217>A<244><18><226>)<133><139><182>V<224><204><228>2<163>V<192>.'<130>?<135><201>/u<186><202><5><1><216><4> <183><216><13><170>5<12>Q*H<241><239><8>vR<132><14>L><164>C<189><128>b<208><137>|<240>[B<215><6>c<148>?<146>K<29><159><255><168><212><23><138><174>,<14><127>~<189>`<199><192><249><26><132><227>Y<254><210><195><28><144><249><159><202><16><225><205><224>R<149>T<218><209>Y<159>3<220><142>2<142><24>.<162><159><225><191>Ll&<0><12><243><215><202><248>ys<222><246>R<188>Q<187>I!<31><209><128><130><219>x<241><151><235><203><170><185><13>e<243><235>2(<201>2<165>WB<1><215><210><134><226><221><170>+<162><163>g<237>s<144><147><31><155><234><7><180><135><246>1Ema<213>"<8>A<151><156>M<247>9<188><27><30>x<11><133>i<245><17>A<220><198><218>T<24>1J<195>OV<230>N<127>g<222><0><31>P<174>m<255><245><224>m<205><212>%<22><30>D<30>}%<229><138><27>D<222><168><30><183>
e285cb60 	Message-Authenticator = B<233>4<198><230>uY"&*<213><147>.4<31>/

a6c754f0 Fri Jul 25 07:01:04 2025 957777: DEBUG: Packet dump:
a6c754f0 *** Received from 10.42.96.38 port 53322 ....
a6c754f0 Code:       Access-Request
a6c754f0 Identifier: 1
a6c754f0 Authentic:  B<182><202><170><187><128><171><214><166><142>6<155><218>.}<176>
a6c754f0 Attributes:
a6c754f0 	User-Name = "charchels"
a6c754f0 	NAS-Port-Id = "Dot11radio 2/0.2"
a6c754f0 	NAS-Port-Type = Wireless-IEEE-802-11
a6c754f0 	Framed-IP-Address = 0.0.0.0
a6c754f0 	NAS-Port = 2
a6c754f0 	Acct-Session-Id = "00749cd4a19e_000_0000000022_1753426864"
a6c754f0 	Calling-Station-Id = "be75f405967a"
a6c754f0 	Called-Station-Id = "00749cd4a19e:Zeep_Test_Radiator"
a6c754f0 	Unknown-4881-4 = <0><0><0>3
a6c754f0 	EAP-Message = <2><4><0><6><25><0>
a6c754f0 	Message-Authenticator = U<230><159><207><202>Tvw<243><207><151><218><178><128><4><235>
a6c754f0 	Service-Type = Framed-User
a6c754f0 	Framed-Routing = None
a6c754f0 	Framed-IP-Netmask = 0.0.0.0
a6c754f0 	Framed-Route = "0.0.0.0"
a6c754f0 	Login-IP-Host = 0.0.0.0
a6c754f0 	NAS-IP-Address = 10.42.96.38

a6c754f0 Fri Jul 25 07:01:04 2025 957962: DEBUG: Handling request with Handler '', Identifier ''
a6c754f0 Fri Jul 25 07:01:04 2025 958111: DEBUG: SessINTERNAL: Deleting session for charchels, 10.42.96.38, 2
a6c754f0 Fri Jul 25 07:01:04 2025 969227: DEBUG: Handling with AuthSQL
a6c754f0 Fri Jul 25 07:01:04 2025 969361: DEBUG: Handling with Radius::AuthSQL: 
a6c754f0 Fri Jul 25 07:01:04 2025 969555: DEBUG: Handling with EAP: code 2, 4, 6, 25
a6c754f0 Fri Jul 25 07:01:04 2025 969657: DEBUG: Response type 25
a6c754f0 Fri Jul 25 07:01:04 2025 969828: DEBUG: EAP result: 3, EAP PEAP Challenge
a6c754f0 Fri Jul 25 07:01:04 2025 969927: DEBUG: AuthBy SQL result: CHALLENGE, EAP PEAP Challenge
a6c754f0 Fri Jul 25 07:01:04 2025 970028: DEBUG: Access challenged for charchels: EAP PEAP Challenge
a6c754f0 Fri Jul 25 07:01:04 2025 970605: DEBUG: Packet dump:
a6c754f0 *** Sending to 10.42.96.38 port 53322 ....
a6c754f0 Code:       Access-Challenge
a6c754f0 Identifier: 1
a6c754f0 Authentic:  <189><140><163>Y,<168><242><180><175>\<181>#<213><128><6><217>
a6c754f0 Attributes:
a6c754f0 	EAP-Message = <1><5><3><238><25>@r<226><151>$<162><158>v<170>'<28><154><228>><182><182>E<197>acq<153>uH<26>K<239><194><197>qm<186><11><13><252><215><1>q<254><21><163><209>p<208><164><136><192><177><182><173><3><190><145>oNL@W<197>o<140>d<252>`<206>:?<25>G5m<2><3><1><0><1><163>S0Q0<29><6><3>U<29><14><4><22><4><20><7><12><193><151><201><227>?<228>/i<197>+2<26>A<223><224><6>3!0<31><6><3>U<29>#<4><24>0<22><128><20><7><12><193><151><201><227>?<228>/i<197>+2<26>A<223><224><6>3!0<15><6><3>U<29><19><1><1><255><4><5>0<3><1><1><255>0<13><6><9>*<134>H<134><247><13><1><1><11><5><0><3><130><2><1><0><173>$m<142><252><227>C<135><153>0}=B<12>/<215><163>7<170><17><22><234><31>v<139><181><3><206><174><248><203>DOks<169>9<143>)<27>P<131><15><134>':<179><145><212><31><221><11><31><12><189>0<21><218><248><27><176><251>^r<4>y<204>
a6c754f0 	EAP-Message = <160><202>F<149>n<27><214>2jC<5><254><16><136><128><177>s<2>F7<213><22><134>i<147>I<169><186><189><144>,+<190><152><152>'<209><6>9<154><189>L!<139>k<222><219><15><136><4><127>?R<208><231><202>w<3><193><232><159><230><208>$:<18>S<229><148>s<22><21><251>d<205>^<138><170>o<26><22><190><12><153><146>G<191>=<3>2<128>p<10><127><21><180>%<224><182><213><0>c%lV<219><226>4<250>SXm<166><9><250><210><177><180><153><249><204>TI<237><161><206>\<173><131>T?<151><218>}E<156><23><240><#<240><161>.<161><16>(<191>jq~&<182><235>I<233>s_<15><199><248><140><195><212><138><230><171>}<232><250><188><189><142>J<246><203><140>(;W<227><<13><26><153>z<128><240>_g<193><227>r<149><173>&o3<169><219>]9@<132><27><134><252>+M<18><245>C\<167><155><127><249><236><0>n<21>17y/<31>$u=<134><236><196><196><234><24><22><251><1><138><147><193><171>H<228><183>[<26><229><247><242><16>1<220><19>
a6c754f0 	EAP-Message = <6><146>9F<158><174><129><137><168>;<147>y<141>`G<21>Yh<196><148><223>V<207><178>Ly<193>MZ<16><201><31><185><195><220>2v[Q<140>h<ic<129><166><23><160><216><231><244><151><10><217><254><20><190><210>-<31>Ij<192>T<217><250><197>'<249><187><224><134><207>j<8>4<221><192><21>*<148><249><214>xG<173><26><168><180><29><247>?Y<25><129>~<146><234>*<24><222>4<221>G<240>6!<243><3><182>T3<2><194>r(<146><164>g<137>u<253>y<26><214>H<27><10><236><190><130><144>T<184>m<176><150><168><167><204><200><213>Qf<226>9r<152>8Aw<163><214>y7<169>|<201>w<31><246><239><188>jQ(z<165>C<255>{<140><135><205><200><176><176>P<252><177>cB<239><226><169><172><165><156><143><198>9<204><22><3><3><1>,<12><0><1>(<3><0><29> n<28><179><250><215><225>j<132><242><17>#<189><185><248><31><247>;<16><166>t<242><225><244><150><154>9<228><157>O`p&<8><4><1><0>U<229><214>O<252>^<176><29><156>`<174><191>
a6c754f0 	EAP-Message = <249><132><169>W<145><240><165><141>PcKTw<156>m=D<214>g<196><215><28>p+<202><203><25>Kk<30>41<183><25>?<231>$u<207><210><141><148>k<7>G<133>#<4><6><3><187>n<<223>z$<26><<212><225>W1<224><237>4<207><230>Z<3><163><219>z<2><176><238><228><185><137>M<241><168>D;<27><243>{<212><20>X<217>"}><24><206><140><127>_d<188><11>9r<10><143>~<154><9>*<205>=<181><165><173>]<2>ZE<5>c<6><231><240><25>Z<139>G5<228>o4<21><167><127><210>>2<144>0e<191><148><160><29><29><198><180><16><188><147>+~<215>K<242><207><218><195>6i<214>*<129><165><18><139>2a(<185><236>GI<171>+<16><22>%%<0><129><20>$Fx<173><14><163><19>}<20><162>:<172>&><151><168>O<233><137><7><251><133>w<164><135><198>m]<209><184>+y<136>W<130>$<163>p@<171><149>S<137><190><159>U<158>20<248><219><159>r<209><164><212><151>N<29>{<185><201><22><3><3>
a6c754f0 	Message-Authenticator = <164>J<173>o<182>0<145>f<215><150>u<31>Ma<<201>

516db520 Fri Jul 25 07:01:04 2025 981036: DEBUG: Packet dump:
516db520 *** Received from 10.42.96.38 port 53322 ....
516db520 Code:       Access-Request
516db520 Identifier: 2
516db520 Authentic:  B<182><202><170><187><5><171><214><166><142>6<155><218>.}<176>
516db520 Attributes:
516db520 	User-Name = "charchels"
516db520 	NAS-Port-Id = "Dot11radio 2/0.2"
516db520 	NAS-Port-Type = Wireless-IEEE-802-11
516db520 	Framed-IP-Address = 0.0.0.0
516db520 	NAS-Port = 2
516db520 	Acct-Session-Id = "00749cd4a19e_000_0000000022_1753426864"
516db520 	Calling-Station-Id = "be75f405967a"
516db520 	Called-Station-Id = "00749cd4a19e:Zeep_Test_Radiator"
516db520 	Unknown-4881-4 = <0><0><0>3
516db520 	EAP-Message = <2><5><0><6><25><0>
516db520 	Message-Authenticator = C<241>P<129><141><147><2>7<142><141><0>]<225>x0<149>
516db520 	Service-Type = Framed-User
516db520 	Framed-Routing = None
516db520 	Framed-IP-Netmask = 0.0.0.0
516db520 	Framed-Route = "0.0.0.0"
516db520 	Login-IP-Host = 0.0.0.0
516db520 	NAS-IP-Address = 10.42.96.38

516db520 Fri Jul 25 07:01:04 2025 981261: DEBUG: Handling request with Handler '', Identifier ''
516db520 Fri Jul 25 07:01:04 2025 981454: DEBUG: SessINTERNAL: Deleting session for charchels, 10.42.96.38, 2
516db520 Fri Jul 25 07:01:04 2025 992850: DEBUG: Handling with AuthSQL
516db520 Fri Jul 25 07:01:04 2025 992970: DEBUG: Handling with Radius::AuthSQL: 
516db520 Fri Jul 25 07:01:04 2025 993153: DEBUG: Handling with EAP: code 2, 5, 6, 25
516db520 Fri Jul 25 07:01:04 2025 993260: DEBUG: Response type 25
516db520 Fri Jul 25 07:01:04 2025 993396: DEBUG: EAP result: 3, EAP PEAP Challenge
516db520 Fri Jul 25 07:01:04 2025 993510: DEBUG: AuthBy SQL result: CHALLENGE, EAP PEAP Challenge
516db520 Fri Jul 25 07:01:04 2025 993613: DEBUG: Access challenged for charchels: EAP PEAP Challenge
516db520 Fri Jul 25 07:01:04 2025 993838: DEBUG: Packet dump:
516db520 *** Sending to 10.42.96.38 port 53322 ....
516db520 Code:       Access-Challenge
516db520 Identifier: 2
516db520 Authentic:  <229><173><137>.<254>Td<20>^(<3><234><211><218>|<140>
516db520 Attributes:
516db520 	EAP-Message = <1><6><0><12><25><0><0><4><14><0><0><0>
516db520 	Message-Authenticator = #a<158><195><164><217><211>C<157><245><248><28><132><158>'<132>

a9164e10 Fri Jul 25 07:01:05 2025 010598: DEBUG: Packet dump:
a9164e10 *** Received from 10.42.96.38 port 53322 ....
a9164e10 Code:       Access-Request
a9164e10 Identifier: 3
a9164e10 Authentic:  B<182><202><170><187><5><171><214><166><142>6<155><218>k}<176>
a9164e10 Attributes:
a9164e10 	User-Name = "charchels"
a9164e10 	NAS-Port-Id = "Dot11radio 2/0.2"
a9164e10 	NAS-Port-Type = Wireless-IEEE-802-11
a9164e10 	Framed-IP-Address = 0.0.0.0
a9164e10 	NAS-Port = 2
a9164e10 	Acct-Session-Id = "00749cd4a19e_000_0000000022_1753426864"
a9164e10 	Calling-Station-Id = "be75f405967a"
a9164e10 	Called-Station-Id = "00749cd4a19e:Zeep_Test_Radiator"
a9164e10 	Unknown-4881-4 = <0><0><0>3
a9164e10 	EAP-Message = <2><6><0>g<25><128><0><0><0>]<22><3><3><0>%<16><0><0>! $<3><232><203><235>:<194><241><201>iN<203><205><6><127><131>mh4<26><143>g<1><254>d<230>Uo<161>nT<29><20><3><3><0><1><1><22><3><3><0>(<0><0><0><0><0><0><0><0><237><210>0S.<159>)B<131>.<199><6><165><152><209><129><227>:<252>AI<25> <176><207><250><230>=R<218><236><29>
a9164e10 	Message-Authenticator = <192>*3<137><17><213><179><169>R<162><136>6<21><18><131><218>
a9164e10 	Service-Type = Framed-User
a9164e10 	Framed-Routing = None
a9164e10 	Framed-IP-Netmask = 0.0.0.0
a9164e10 	Framed-Route = "0.0.0.0"
a9164e10 	Login-IP-Host = 0.0.0.0
a9164e10 	NAS-IP-Address = 10.42.96.38

a9164e10 Fri Jul 25 07:01:05 2025 010826: DEBUG: Handling request with Handler '', Identifier ''
a9164e10 Fri Jul 25 07:01:05 2025 010987: DEBUG: SessINTERNAL: Deleting session for charchels, 10.42.96.38, 2
a9164e10 Fri Jul 25 07:01:05 2025 021596: DEBUG: Handling with AuthSQL
a9164e10 Fri Jul 25 07:01:05 2025 021716: DEBUG: Handling with Radius::AuthSQL: 
a9164e10 Fri Jul 25 07:01:05 2025 021916: DEBUG: Handling with EAP: code 2, 6, 103, 25
a9164e10 Fri Jul 25 07:01:05 2025 022018: DEBUG: Response type 25
a9164e10 Fri Jul 25 07:01:05 2025 022285: DEBUG: EAP TLS SSL_accept result: 1, 0, 1
a9164e10 Fri Jul 25 07:01:05 2025 022504: DEBUG: EAP PEAP TLS Session accepted: TLSv1.2 ECDHE-RSA-AES128-GCM-SHA256
a9164e10 Fri Jul 25 07:01:05 2025 022659: DEBUG: EAP result: 3, EAP PEAP Challenge
a9164e10 Fri Jul 25 07:01:05 2025 022762: DEBUG: AuthBy SQL result: CHALLENGE, EAP PEAP Challenge
a9164e10 Fri Jul 25 07:01:05 2025 022866: DEBUG: Access challenged for charchels: EAP PEAP Challenge
a9164e10 Fri Jul 25 07:01:05 2025 023146: DEBUG: Packet dump:
a9164e10 *** Sending to 10.42.96.38 port 53322 ....
a9164e10 Code:       Access-Challenge
a9164e10 Identifier: 3
a9164e10 Authentic:  <196>~v<248><1><219>bay<182><138>F<127><195><133><184>
a9164e10 Attributes:
a9164e10 	EAP-Message = <1><7><0>=<25><128><0><0><0>3<20><3><3><0><1><1><22><3><3><0>(<140><132><170>(<192>c<8>O<188><217><166>C<185><20><164><<233>9<159>N+o<203><173><<167>]<242><248>u<202><172>l'F<31><249><2><207>F
a9164e10 	Message-Authenticator = <216> <244><244><182><215>v7<228>}<11><147>L<158>;<177>

f92dd890 Fri Jul 25 07:01:05 2025 031937: DEBUG: Packet dump:
f92dd890 *** Received from 10.42.96.38 port 53322 ....
f92dd890 Code:       Access-Request
f92dd890 Identifier: 4
f92dd890 Authentic:  B<182><202><170><187><5><171><214><166><142>6&<218>k}<176>
f92dd890 Attributes:
f92dd890 	User-Name = "charchels"
f92dd890 	NAS-Port-Id = "Dot11radio 2/0.2"
f92dd890 	NAS-Port-Type = Wireless-IEEE-802-11
f92dd890 	Framed-IP-Address = 0.0.0.0
f92dd890 	NAS-Port = 2
f92dd890 	Acct-Session-Id = "00749cd4a19e_000_0000000022_1753426864"
f92dd890 	Calling-Station-Id = "be75f405967a"
f92dd890 	Called-Station-Id = "00749cd4a19e:Zeep_Test_Radiator"
f92dd890 	Unknown-4881-4 = <0><0><0>3
f92dd890 	EAP-Message = <2><7><0><6><25><0>
f92dd890 	Message-Authenticator = <2><6><245><164>g<198><214><132><164>=c<130>k<171><235>.
f92dd890 	Service-Type = Framed-User
f92dd890 	Framed-Routing = None
f92dd890 	Framed-IP-Netmask = 0.0.0.0
f92dd890 	Framed-Route = "0.0.0.0"
f92dd890 	Login-IP-Host = 0.0.0.0
f92dd890 	NAS-IP-Address = 10.42.96.38

f92dd890 Fri Jul 25 07:01:05 2025 032140: DEBUG: Handling request with Handler '', Identifier ''
f92dd890 Fri Jul 25 07:01:05 2025 032315: DEBUG: SessINTERNAL: Deleting session for charchels, 10.42.96.38, 2
f92dd890 Fri Jul 25 07:01:05 2025 042885: DEBUG: Handling with AuthSQL
f92dd890 Fri Jul 25 07:01:05 2025 043003: DEBUG: Handling with Radius::AuthSQL: 
f92dd890 Fri Jul 25 07:01:05 2025 043221: DEBUG: Handling with EAP: code 2, 7, 6, 25
f92dd890 Fri Jul 25 07:01:05 2025 043324: DEBUG: Response type 25
f92dd890 Fri Jul 25 07:01:05 2025 043521: DEBUG: EAP result: 3, EAP PEAP Challenge
f92dd890 Fri Jul 25 07:01:05 2025 043630: DEBUG: AuthBy SQL result: CHALLENGE, EAP PEAP Challenge
f92dd890 Fri Jul 25 07:01:05 2025 043741: DEBUG: Access challenged for charchels: EAP PEAP Challenge
f92dd890 Fri Jul 25 07:01:05 2025 044040: DEBUG: Packet dump:
f92dd890 *** Sending to 10.42.96.38 port 53322 ....
f92dd890 Code:       Access-Challenge
f92dd890 Identifier: 4
f92dd890 Authentic:  T<190><236><149>"<15>6YP^<202><231>P<201><137><190>
f92dd890 Attributes:
f92dd890 	EAP-Message = <1><8><0>$<25><0><23><3><3><0><25><140><132><170>(<192>c<8>P<250><164><197><23><181><194> Q{<20><30>V[<25>{<156>l
f92dd890 	Message-Authenticator = "<193><246>m<11>5[il Nd<182>x<25>a

65d07d40 Fri Jul 25 07:01:05 2025 051118: DEBUG: Packet dump:
65d07d40 *** Received from 10.42.96.38 port 53322 ....
65d07d40 Code:       Access-Request
65d07d40 Identifier: 5
65d07d40 Authentic:  B<182><202><170><187><5><171><214><166><142>6&<166>k}<176>
65d07d40 Attributes:
65d07d40 	User-Name = "charchels"
65d07d40 	NAS-Port-Id = "Dot11radio 2/0.2"
65d07d40 	NAS-Port-Type = Wireless-IEEE-802-11
65d07d40 	Framed-IP-Address = 0.0.0.0
65d07d40 	NAS-Port = 2
65d07d40 	Acct-Session-Id = "00749cd4a19e_000_0000000022_1753426864"
65d07d40 	Calling-Station-Id = "be75f405967a"
65d07d40 	Called-Station-Id = "00749cd4a19e:Zeep_Test_Radiator"
65d07d40 	Unknown-4881-4 = <0><0><0>3
65d07d40 	EAP-Message = <2><8><0>-<25><0><23><3><3><0>"<0><0><0><0><0><0><0><1><242><147><137>3E<28>h,<189><134>j<232>s<225> <175><215><164>Y<246>,<219><20><15>6<180>
65d07d40 	Message-Authenticator = <153><154>H<3>0<202>@A<12><208><253><229><28>dzl
65d07d40 	Service-Type = Framed-User
65d07d40 	Framed-Routing = None
65d07d40 	Framed-IP-Netmask = 0.0.0.0
65d07d40 	Framed-Route = "0.0.0.0"
65d07d40 	Login-IP-Host = 0.0.0.0
65d07d40 	NAS-IP-Address = 10.42.96.38

65d07d40 Fri Jul 25 07:01:05 2025 051369: DEBUG: Handling request with Handler '', Identifier ''
65d07d40 Fri Jul 25 07:01:05 2025 051600: DEBUG: SessINTERNAL: Deleting session for charchels, 10.42.96.38, 2
65d07d40 Fri Jul 25 07:01:05 2025 062022: DEBUG: Handling with AuthSQL
65d07d40 Fri Jul 25 07:01:05 2025 062155: DEBUG: Handling with Radius::AuthSQL: 
65d07d40 Fri Jul 25 07:01:05 2025 062429: DEBUG: Handling with EAP: code 2, 8, 45, 25
65d07d40 Fri Jul 25 07:01:05 2025 062549: DEBUG: Response type 25
65d07d40 Fri Jul 25 07:01:05 2025 062791: DEBUG: EAP PEAP inner authentication request for anonymous
65d07d40 Fri Jul 25 07:01:05 2025 062945: DEBUG: PEAP Tunnelled request Packet dump:
65d07d40 Code:       Access-Request
65d07d40 Identifier: UNDEF
65d07d40 Authentic:  <138><142><22>Ds<217>Hd<2><183><203>z<2>}*<178>
65d07d40 Attributes:
65d07d40 	EAP-Message = <2><8><0><14><1>charchels
65d07d40 	Message-Authenticator = <0><0><0><0><0><0><0><0><0><0><0><0><0><0><0><0>
65d07d40 	NAS-IP-Address = 10.42.96.38
65d07d40 	NAS-Port = 2
65d07d40 	Calling-Station-Id = "be75f405967a"
65d07d40 	User-Name = "anonymous"

65d07d40 Fri Jul 25 07:01:05 2025 063138: DEBUG: Handling request with Handler 'TunnelledByPEAP=1', Identifier ''
65d07d40 Fri Jul 25 07:01:05 2025 063281: DEBUG: SessINTERNAL: Deleting session for anonymous, 10.42.96.38, 2
65d07d40 Fri Jul 25 07:01:05 2025 063447: DEBUG: Handling with AuthSQL
65d07d40 Fri Jul 25 07:01:05 2025 063562: DEBUG: Handling with Radius::AuthSQL: 
65d07d40 Fri Jul 25 07:01:05 2025 063755: DEBUG: Handling with EAP: code 2, 8, 14, 1
65d07d40 Fri Jul 25 07:01:05 2025 063849: DEBUG: Response type 1
65d07d40 Fri Jul 25 07:01:05 2025 064025: DEBUG: EAP result: 3, EAP MSCHAP-V2 Challenge
65d07d40 Fri Jul 25 07:01:05 2025 064122: DEBUG: AuthBy SQL result: CHALLENGE, EAP MSCHAP-V2 Challenge
65d07d40 Fri Jul 25 07:01:05 2025 064233: DEBUG: Access challenged for anonymous: EAP MSCHAP-V2 Challenge
65d07d40 Fri Jul 25 07:01:05 2025 064425: DEBUG: Returned PEAP tunnelled packet dump:
65d07d40 Code:       Access-Challenge
65d07d40 Identifier: UNDEF
65d07d40 Authentic:  <138><142><22>Ds<217>Hd<2><183><203>z<2>}*<178>
65d07d40 Attributes:
65d07d40 	EAP-Message = <1><9><0>&<26><1><9><0>!<16><206>[<239>m%<205>qPsf<10><179><230><243><192><254>8bffbc75e233
65d07d40 	Message-Authenticator = <0><0><0><0><0><0><0><0><0><0><0><0><0><0><0><0>

65d07d40 Fri Jul 25 07:01:05 2025 064589: DEBUG: EAP result: 3, EAP PEAP inner authentication redispatched to a Handler
65d07d40 Fri Jul 25 07:01:05 2025 064688: DEBUG: AuthBy SQL result: CHALLENGE, EAP PEAP inner authentication redispatched to a Handler
65d07d40 Fri Jul 25 07:01:05 2025 064789: DEBUG: Access challenged for charchels: EAP PEAP inner authentication redispatched to a Handler
65d07d40 Fri Jul 25 07:01:05 2025 065039: DEBUG: Packet dump:
65d07d40 *** Sending to 10.42.96.38 port 53322 ....
65d07d40 Code:       Access-Challenge
65d07d40 Identifier: 5
65d07d40 Authentic:  H~<134>~<168>(e<251><254><132>}}<193>)<149>z
65d07d40 Attributes:
65d07d40 	EAP-Message = <1><9><0>E<25><0><23><3><3><0>:<140><132><170>(<192>c<8>Q<176><146><200><175>J<205><130><240>z<203><136><143><197><242><17><14><18>$<198>K/<214><225>Q<221><205><252><152>w<242><249><229>_b<154><28><135><202><140><186><218><251><208><208><16><159><127><192><230><248>
65d07d40 	Message-Authenticator = <154><3><223><181>V)<229><167>D<164>3<26><250><23><255><12>

bca1c890 Fri Jul 25 07:01:05 2025 072974: DEBUG: Packet dump:
bca1c890 *** Received from 10.42.96.38 port 53322 ....
bca1c890 Code:       Access-Request
bca1c890 Identifier: 6
bca1c890 Authentic:  B<182><202><170><187><5><209><214><166><142>6&<166>k}<176>
bca1c890 Attributes:
bca1c890 	User-Name = "charchels"
bca1c890 	NAS-Port-Id = "Dot11radio 2/0.2"
bca1c890 	NAS-Port-Type = Wireless-IEEE-802-11
bca1c890 	Framed-IP-Address = 0.0.0.0
bca1c890 	NAS-Port = 2
bca1c890 	Acct-Session-Id = "00749cd4a19e_000_0000000022_1753426864"
bca1c890 	Calling-Station-Id = "be75f405967a"
bca1c890 	Called-Station-Id = "00749cd4a19e:Zeep_Test_Radiator"
bca1c890 	Unknown-4881-4 = <0><0><0>3
bca1c890 	EAP-Message = <2><9><0>c<25><0><23><3><3><0>X<0><0><0><0><0><0><0><2>M<245>ZO<200><15>1W<222>xs<9><161>+<147><192><158>8-<232><138><186>gd)<128><143><181>  t<238><146><249><211><149><21>De<238>+8<131><209>p<135><169><150>W <243><189><22>na<245><131><158>Q<148><220><19><219><156>b<23><150>t<4><217><161>F<187><154><217><168><19><132><202><210>
bca1c890 	Message-Authenticator = <162><163>h<152><153>H<156><173><154><193><151><230><233><7>]m
bca1c890 	Service-Type = Framed-User
bca1c890 	Framed-Routing = None
bca1c890 	Framed-IP-Netmask = 0.0.0.0
bca1c890 	Framed-Route = "0.0.0.0"
bca1c890 	Login-IP-Host = 0.0.0.0
bca1c890 	NAS-IP-Address = 10.42.96.38

bca1c890 Fri Jul 25 07:01:05 2025 073166: DEBUG: Handling request with Handler '', Identifier ''
bca1c890 Fri Jul 25 07:01:05 2025 073332: DEBUG: SessINTERNAL: Deleting session for charchels, 10.42.96.38, 2
bca1c890 Fri Jul 25 07:01:05 2025 084193: DEBUG: Handling with AuthSQL
bca1c890 Fri Jul 25 07:01:05 2025 084316: DEBUG: Handling with Radius::AuthSQL: 
bca1c890 Fri Jul 25 07:01:05 2025 084503: DEBUG: Handling with EAP: code 2, 9, 99, 25
bca1c890 Fri Jul 25 07:01:05 2025 084607: DEBUG: Response type 25
bca1c890 Fri Jul 25 07:01:05 2025 084793: DEBUG: EAP PEAP inner authentication request for anonymous
bca1c890 Fri Jul 25 07:01:05 2025 084961: DEBUG: PEAP Tunnelled request Packet dump:
bca1c890 Code:       Access-Request
bca1c890 Identifier: UNDEF
bca1c890 Authentic:  <218>+?<19>p<134><14><183>6<28><28><192>a<209>3<20>
bca1c890 Attributes:
bca1c890 	EAP-Message = <2><9><0>D<26><2><9><0>?1<140><200><204>y<155><139><176>:<127>y<194>U<25><29>M*<0><0><0><0><0><0><0><0><160>^t<232><149>L<167><154><227><195><247><159>b<7><139>V<8><151><144><249>}<230><146>+<0>charchels
bca1c890 	Message-Authenticator = <0><0><0><0><0><0><0><0><0><0><0><0><0><0><0><0>
bca1c890 	NAS-IP-Address = 10.42.96.38
bca1c890 	NAS-Port = 2
bca1c890 	Calling-Station-Id = "be75f405967a"
bca1c890 	User-Name = "anonymous"

bca1c890 Fri Jul 25 07:01:05 2025 085092: DEBUG: Handling request with Handler 'TunnelledByPEAP=1', Identifier ''
bca1c890 Fri Jul 25 07:01:05 2025 085227: DEBUG: SessINTERNAL: Deleting session for anonymous, 10.42.96.38, 2
bca1c890 Fri Jul 25 07:01:05 2025 085328: DEBUG: Handling with AuthSQL
bca1c890 Fri Jul 25 07:01:05 2025 085438: DEBUG: Handling with Radius::AuthSQL: 
bca1c890 Fri Jul 25 07:01:05 2025 085587: DEBUG: Handling with EAP: code 2, 9, 68, 26
bca1c890 Fri Jul 25 07:01:05 2025 085700: DEBUG: Response type 26
bca1c890 Fri Jul 25 07:01:05 2025 085944: DEBUG: Converted EAP-MSCHAPV2 Packet dump:
bca1c890 Code:       Access-Request
bca1c890 Identifier: UNDEF
bca1c890 Authentic:  <254><233>f<175>N<153><7><180><202><136><3><207>ZGE2
bca1c890 Attributes:
bca1c890 	User-Name = "charchels"
bca1c890 	ConvertedFromEAPMSCHAPV2 = 1
bca1c890 	MS-CHAP2-Response = <1><0><140><200><204>y<155><139><176>:<127>y<194>U<25><29>M*0<0><0><0><0><0><0><0><160>^t<232><149>L<167><154><227><195><247><159>b<7><139>V<8><151><144><249>}<230><146>+
bca1c890 	MS-CHAP-Challenge = <206>[<239>m%<205>qPsf<10><179><230><243><192><254>

bca1c890 Fri Jul 25 07:01:05 2025 086083: DEBUG: Handling request with Handler '', Identifier ''
bca1c890 Fri Jul 25 07:01:05 2025 086210: DEBUG: SessINTERNAL: Deleting session for charchels, 10.42.96.38, 
bca1c890 Fri Jul 25 07:01:05 2025 086380: DEBUG: Handling with AuthSQL
bca1c890 Fri Jul 25 07:01:05 2025 086491: DEBUG: Handling with Radius::AuthSQL: 
00000000 Fri Jul 25 07:01:05 2025 086871: DEBUG: Query to 'dbi:Pg:dbname=radius;host=10.42.4.5;port=5432 Connection id: 0-00000': 'SELECT password, (remaining_bytes >> 32) AS flux_max_high32, (remaining_bytes & 4294967295) AS flux_max_low32 FROM subscribers WHERE username = 'charchels' AND remaining_bytes > 0 AND status = 1 AND EXISTS (SELECT 1 FROM nas_session_mac_attrs AS n JOIN allowed_nas_mac_address AS a ON n.called_station_id = a.called_station_id WHERE n.username = subscribers.username)': 
00000000 Fri Jul 25 07:01:05 2025 087222: ERR: Execute failed for 'SELECT password, (remaining_bytes >> 32) AS flux_max_high32, (remaining_bytes & 4294967295) AS flux_max_low32 FROM subscribers WHERE username = 'charchels' AND remaining_bytes > 0 AND status = 1 AND EXISTS (SELECT 1 FROM nas_session_mac_attrs AS n JOIN allowed_nas_mac_address AS a ON n.called_station_id = a.called_station_id WHERE n.username = subscribers.username)': SSL connection has been closed unexpectedly
00000000 Fri Jul 25 07:01:05 2025 087476: DEBUG: Connecting to 'dbi:Pg:dbname=radius;host=10.42.4.5;port=5432 Connection id: 0-00000'
00000000 Fri Jul 25 07:01:05 2025 094452: DEBUG: Query to 'dbi:Pg:dbname=radius;host=10.42.4.5;port=5432 Connection id: 0-00000': 'SELECT password, (remaining_bytes >> 32) AS flux_max_high32, (remaining_bytes & 4294967295) AS flux_max_low32 FROM subscribers WHERE username = 'charchels' AND remaining_bytes > 0 AND status = 1 AND EXISTS (SELECT 1 FROM nas_session_mac_attrs AS n JOIN allowed_nas_mac_address AS a ON n.called_station_id = a.called_station_id WHERE n.username = subscribers.username)': 
bca1c890 Fri Jul 25 07:01:05 2025 096805: DEBUG: Radius::AuthSQL looks for match with 'charchels' [charchels]
bca1c890 Fri Jul 25 07:01:05 2025 096930: DEBUG: Radius::AuthSQL REJECT: No such user: 'charchels' [charchels]
00000000 Fri Jul 25 07:01:05 2025 097103: DEBUG: Query to 'dbi:Pg:dbname=radius;host=10.42.4.5;port=5432 Connection id: 0-00000': 'SELECT password, (remaining_bytes >> 32) AS flux_max_high32, (remaining_bytes & 4294967295) AS flux_max_low32 FROM subscribers WHERE username = 'DEFAULT' AND remaining_bytes > 0 AND status = 1 AND EXISTS (SELECT 1 FROM nas_session_mac_attrs AS n JOIN allowed_nas_mac_address AS a ON n.called_station_id = a.called_station_id WHERE n.username = subscribers.username)': 
bca1c890 Fri Jul 25 07:01:05 2025 097780: DEBUG: AuthBy SQL result: REJECT, No such user
bca1c890 Fri Jul 25 07:01:05 2025 097926: INFO: Access rejected for charchels: No such user
bca1c890 Fri Jul 25 07:01:05 2025 098123: DEBUG: Converted EAP-MSCHAPV2 response Packet dump:
bca1c890 Code:       Access-Reject
bca1c890 Identifier: UNDEF
bca1c890 Authentic:  <254><233>f<175>N<153><7><180><202><136><3><207>ZGE2
bca1c890 Attributes:
bca1c890 	Reply-Message = "Request Denied"

bca1c890 Fri Jul 25 07:01:05 2025 098263: DEBUG: EAP Failure, elapsed time 0.034314
bca1c890 Fri Jul 25 07:01:05 2025 098438: DEBUG: EAP result: 1, EAP-MSCHAPV2 converted to Radius MSCHAPV2 and redispatched to a Handler
bca1c890 Fri Jul 25 07:01:05 2025 098545: DEBUG: AuthBy SQL result: REJECT, EAP-MSCHAPV2 converted to Radius MSCHAPV2 and redispatched to a Handler
bca1c890 Fri Jul 25 07:01:05 2025 098653: INFO: Access rejected for anonymous: EAP-MSCHAPV2 converted to Radius MSCHAPV2 and redispatched to a Handler
bca1c890 Fri Jul 25 07:01:05 2025 098820: DEBUG: Returned PEAP tunnelled packet dump:
bca1c890 Code:       Access-Reject
bca1c890 Identifier: UNDEF
bca1c890 Authentic:  <218>+?<19>p<134><14><183>6<28><28><192>a<209>3<20>
bca1c890 Attributes:
bca1c890 	EAP-Message = <4><9><0><4>
bca1c890 	Message-Authenticator = <0><0><0><0><0><0><0><0><0><0><0><0><0><0><0><0>
bca1c890 	Reply-Message = "Request Denied"

bca1c890 Fri Jul 25 07:01:05 2025 099005: DEBUG: EAP result: 3, EAP PEAP inner authentication redispatched to a Handler
bca1c890 Fri Jul 25 07:01:05 2025 099133: DEBUG: AuthBy SQL result: CHALLENGE, EAP PEAP inner authentication redispatched to a Handler
bca1c890 Fri Jul 25 07:01:05 2025 099233: DEBUG: Access challenged for charchels: EAP PEAP inner authentication redispatched to a Handler
bca1c890 Fri Jul 25 07:01:05 2025 099525: DEBUG: Packet dump:
bca1c890 *** Sending to 10.42.96.38 port 53322 ....
bca1c890 Code:       Access-Challenge
bca1c890 Identifier: 6
bca1c890 Authentic:  <216><21>c<28><139>7q?<210>O:<146><138><138>Of
bca1c890 Attributes:
bca1c890 	EAP-Message = <1><10><0>.<25><0><23><3><3><0>#<140><132><170>(<192>c<8>R<214><177>`<162><167><184><241>'5<227><164><242><138>km<134><136><166><254>j<156>Ff<253><127><227><144>
bca1c890 	Message-Authenticator = >;<161>NN<153><184><141><163>na~<22>t<27>n

a80103b0 Fri Jul 25 07:01:05 2025 108177: DEBUG: Packet dump:
a80103b0 *** Received from 10.42.96.38 port 53322 ....
a80103b0 Code:       Access-Request
a80103b0 Identifier: 7
a80103b0 Authentic:  B<182><202><170><187><5><209><214><166><142>6<177><166>k}<176>
a80103b0 Attributes:
a80103b0 	User-Name = "charchels"
a80103b0 	NAS-Port-Id = "Dot11radio 2/0.2"
a80103b0 	NAS-Port-Type = Wireless-IEEE-802-11
a80103b0 	Framed-IP-Address = 0.0.0.0
a80103b0 	NAS-Port = 2
a80103b0 	Acct-Session-Id = "00749cd4a19e_000_0000000022_1753426864"
a80103b0 	Calling-Station-Id = "be75f405967a"
a80103b0 	Called-Station-Id = "00749cd4a19e:Zeep_Test_Radiator"
a80103b0 	Unknown-4881-4 = <0><0><0>3
a80103b0 	EAP-Message = <2><10><0>.<25><0><23><3><3><0>#<0><0><0><0><0><0><0><3><160><8><176><23>G<171><4>[<31><132><226>'<254>uJ<203>Il&<231><237><8>u<18><141><168><153>
a80103b0 	Message-Authenticator = <208>y<147><253><227><249><176>-<161><219>Z<219><214><11><192>V
a80103b0 	Service-Type = Framed-User
a80103b0 	Framed-Routing = None
a80103b0 	Framed-IP-Netmask = 0.0.0.0
a80103b0 	Framed-Route = "0.0.0.0"
a80103b0 	Login-IP-Host = 0.0.0.0
a80103b0 	NAS-IP-Address = 10.42.96.38

a80103b0 Fri Jul 25 07:01:05 2025 108482: DEBUG: Handling request with Handler '', Identifier ''
a80103b0 Fri Jul 25 07:01:05 2025 108696: DEBUG: SessINTERNAL: Deleting session for charchels, 10.42.96.38, 2
a80103b0 Fri Jul 25 07:01:05 2025 119300: DEBUG: Handling with AuthSQL
a80103b0 Fri Jul 25 07:01:05 2025 119464: DEBUG: Handling with Radius::AuthSQL: 
a80103b0 Fri Jul 25 07:01:05 2025 119644: DEBUG: Handling with EAP: code 2, 10, 46, 25
a80103b0 Fri Jul 25 07:01:05 2025 119747: DEBUG: Response type 25
a80103b0 Fri Jul 25 07:01:05 2025 119936: DEBUG: EAP Failure, elapsed time 0.223648
a80103b0 Fri Jul 25 07:01:05 2025 120058: DEBUG: EAP result: 1, PEAP Authentication Failure
a80103b0 Fri Jul 25 07:01:05 2025 120166: DEBUG: AuthBy SQL result: REJECT, PEAP Authentication Failure
a80103b0 Fri Jul 25 07:01:05 2025 120274: INFO: Access rejected for charchels: PEAP Authentication Failure
a80103b0 Fri Jul 25 07:01:05 2025 120536: DEBUG: Packet dump:
a80103b0 *** Sending to 10.42.96.38 port 53322 ....
a80103b0 Code:       Access-Reject
a80103b0 Identifier: 7
a80103b0 Authentic:  <235><239><219><200><194><246>,|<237><186><220>a<2>s<201><196>
a80103b0 Attributes:
a80103b0 	EAP-Message = <4><10><0><4>
a80103b0 	Message-Authenticator = <217><130><143><207><228>|<213><199><23>-*<128><23><14>U<154>
a80103b0 	Reply-Message = "Request Denied"

105f1590 Fri Jul 25 07:04:16 2025 285701: DEBUG: Packet dump:
105f1590 *** Received from 10.42.96.38 port 53322 ....
105f1590 Code:       Access-Request
105f1590 Identifier: 8
105f1590 Authentic:  B<182><202><170><187><5><209><214><166><142>6<188><166>k}<176>
105f1590 Attributes:
105f1590 	User-Name = "limit"
105f1590 	NAS-Port-Id = "Dot11radio 1/0.2"
105f1590 	NAS-Port-Type = Wireless-IEEE-802-11
105f1590 	Framed-IP-Address = 0.0.0.0
105f1590 	NAS-Port = 2
105f1590 	Acct-Session-Id = "00749cd4a19e_000_0000000023_1753427055"
105f1590 	Calling-Station-Id = "d89e612476f3"
105f1590 	Called-Station-Id = "00749cd4a19e:Zeep_Test_Radiator"
105f1590 	Unknown-4881-4 = <0><0><0>3
105f1590 	EAP-Message = <2><1><0><10><1>limit
105f1590 	Message-Authenticator = N<211>/t<134><242>4<198>@<171>)|<144>v2A
105f1590 	Service-Type = Framed-User
105f1590 	Framed-Routing = None
105f1590 	Framed-IP-Netmask = 0.0.0.0
105f1590 	Framed-Route = "0.0.0.0"
105f1590 	Login-IP-Host = 0.0.0.0
105f1590 	NAS-IP-Address = 10.42.96.38

105f1590 Fri Jul 25 07:04:16 2025 286430: DEBUG: Handling request with Handler '', Identifier ''
105f1590 Fri Jul 25 07:04:16 2025 286656: DEBUG: SessINTERNAL: Deleting session for limit, 10.42.96.38, 2
105f1590 Fri Jul 25 07:04:16 2025 299416: DEBUG: Handling with AuthSQL
105f1590 Fri Jul 25 07:04:16 2025 299607: DEBUG: Handling with Radius::AuthSQL: 
105f1590 Fri Jul 25 07:04:16 2025 299887: DEBUG: Handling with EAP: code 2, 1, 10, 1
105f1590 Fri Jul 25 07:04:16 2025 300019: DEBUG: Response type 1
105f1590 Fri Jul 25 07:04:16 2025 300349: DEBUG: EAP result: 3, EAP PEAP Challenge
105f1590 Fri Jul 25 07:04:16 2025 300461: DEBUG: AuthBy SQL result: CHALLENGE, EAP PEAP Challenge
105f1590 Fri Jul 25 07:04:16 2025 300595: DEBUG: Access challenged for limit: EAP PEAP Challenge
105f1590 Fri Jul 25 07:04:16 2025 300930: DEBUG: Packet dump:
105f1590 *** Sending to 10.42.96.38 port 53322 ....
105f1590 Code:       Access-Challenge
105f1590 Identifier: 8
105f1590 Authentic:  t{a[)]<8><253><176>]"c<218><4><158><205>
105f1590 Attributes:
105f1590 	EAP-Message = <1><2><0><6><25> 
105f1590 	Message-Authenticator = *<218>[(A<149><130><207><227>N$<242>J<173><159><210>

e2c44600 Fri Jul 25 07:04:16 2025 343492: DEBUG: Packet dump:
e2c44600 *** Received from 10.42.96.38 port 53322 ....
e2c44600 Code:       Access-Request
e2c44600 Identifier: 9
e2c44600 Authentic:  B<182><202><170><187><186><209><214><166><142>6<188><166>k}<176>
e2c44600 Attributes:
e2c44600 	User-Name = "limit"
e2c44600 	NAS-Port-Id = "Dot11radio 1/0.2"
e2c44600 	NAS-Port-Type = Wireless-IEEE-802-11
e2c44600 	Framed-IP-Address = 0.0.0.0
e2c44600 	NAS-Port = 2
e2c44600 	Acct-Session-Id = "00749cd4a19e_000_0000000023_1753427055"
e2c44600 	Calling-Station-Id = "d89e612476f3"
e2c44600 	Called-Station-Id = "00749cd4a19e:Zeep_Test_Radiator"
e2c44600 	Unknown-4881-4 = <0><0><0>3
e2c44600 	EAP-Message = <2><2><0><141><25><128><0><0><0><131><22><3><1><0>~<1><0><0>z<3><3>2y<244><212><249>g<151><156><22><166><3>o<212>E<233>t<244><222>c"<176>~o<254><228><224><152>u<188>@!<241><0><0><30><192>+<192>/<192>,<192>0<204><169><204><168><192><9><192><19><192><10><192><20><0><156><0><157><0>/<0>5<0><10><1><0><0>3<0><23><0><0><255><1><0><1><0><0><10><0><8><0><6><0><29><0><23><0><24><0><11><0><2><1><0><0><13><0><20><0><18><4><3><8><4><4><1><5><3><8><5><5><1><8><6><6><1><2><1>
e2c44600 	Message-Authenticator = <200><201>F<175><152>je~<238><166><217><22><243>Q<180><233>
e2c44600 	Service-Type = Framed-User
e2c44600 	Framed-Routing = None
e2c44600 	Framed-IP-Netmask = 0.0.0.0
e2c44600 	Framed-Route = "0.0.0.0"
e2c44600 	Login-IP-Host = 0.0.0.0
e2c44600 	NAS-IP-Address = 10.42.96.38

e2c44600 Fri Jul 25 07:04:16 2025 343809: DEBUG: Handling request with Handler '', Identifier ''
e2c44600 Fri Jul 25 07:04:16 2025 344002: DEBUG: SessINTERNAL: Deleting session for limit, 10.42.96.38, 2
e2c44600 Fri Jul 25 07:04:16 2025 354693: DEBUG: Handling with AuthSQL
e2c44600 Fri Jul 25 07:04:16 2025 354818: DEBUG: Handling with Radius::AuthSQL: 
e2c44600 Fri Jul 25 07:04:16 2025 355015: DEBUG: Handling with EAP: code 2, 2, 141, 25
e2c44600 Fri Jul 25 07:04:16 2025 355171: DEBUG: Response type 25
e2c44600 Fri Jul 25 07:04:16 2025 356730: DEBUG: EAP TLS SSL_accept result: -1, 2, 26
e2c44600 Fri Jul 25 07:04:16 2025 356920: DEBUG: EAP result: 3, EAP PEAP Challenge
e2c44600 Fri Jul 25 07:04:16 2025 357046: DEBUG: AuthBy SQL result: CHALLENGE, EAP PEAP Challenge
e2c44600 Fri Jul 25 07:04:16 2025 357154: DEBUG: Access challenged for limit: EAP PEAP Challenge
e2c44600 Fri Jul 25 07:04:16 2025 357775: DEBUG: Packet dump:
e2c44600 *** Sending to 10.42.96.38 port 53322 ....
e2c44600 Code:       Access-Challenge
e2c44600 Identifier: 9
e2c44600 Authentic:  <26>%6<205>@M<149>W<154><250><232><144><192><222><153><191>
e2c44600 Attributes:
e2c44600 	EAP-Message = <1><3><3><242><25><192><0><0><11><190><22><3><3><0>=<2><0><0>9<3><3><222>|<182><248><153>&|h<157>Ep<190><30><252>J<134>^9<192>gz<148><204><19><241><232><148><187>Sq<246><25><0><192>/<0><0><17><255><1><0><1><0><0><11><0><4><3><0><1><2><0><23><0><0><22><3><3><10>=<11><0><10>9<0><10>6<0><4><135>0<130><4><131>0<130><2>k<160><3><2><1><2><2><20>H<148>)<201><180>Qz<177>up<206><248><194>s_o<23>9<20><169>0<13><6><9>*<134>H<134><247><13><1><1><11><5><0>0b1<11>0<9><6><3>U<4><6><19><2>PH1<21>0<19><6><3>U<4><8><12><12>Metro Manila1<15>0<13><6><3>U<4><7><12><6>Manila1<17>0<15><6><3>U<4><10><12><8>ZeepWifi1<24>0<22><6><3>U<4><3><12><15>radiator.server0<30><23><13>25051405
e2c44600 	EAP-Message = 5507Z<23><13>270817055507Z0c1<11>0<9><6><3>U<4><6><19><2>PH1<21>0<19><6><3>U<4><8><12><12>Metro Manila1<15>0<13><6><3>U<4><7><12><6>Manila1<17>0<15><6><3>U<4><10><12><8>ZeepWifi1<25>0<23><6><3>U<4><3><12><16>radiator.example0<130><1>"0<13><6><9>*<134>H<134><247><13><1><1><1><5><0><3><130><1><15><0>0<130><1><10><2><130><1><1><0><185>4<8>=<212><143>l<22><175><132>/<2>h<157>N<154><210><31>g<6>+sk<246><6>`<241><214><186><235>_<199><180>E<134><233><22><173><198>v<207> <225><150><128>!P<159><187>vuv\*<234><204><171>B<153>v<253><253>z4<254><220><28><166><176><131><224><200><187><176><16><137><128><229><177>n<130>B&<147><248>T_PJ9-<243><248><175><29><243><219><211>U
e2c44600 	EAP-Message = <166><163><197><12><218><199><172>y<211><251><161>p<172><153>N<11>(!2<27><180><246><160><19><7>;L]<16><167><255><17><190>zx:<221><217>l<193>DI<22><2>6P<231><224><146>jf<6><169>[<179><159><31>E<129>v<233><154><233><10>8xgb<168>Q<246>q<18><166><216><202><139>r1<160><203><193><254><193><254>#<129><241><239>eT<6><152><176><29>'<13>!*R<156><172><22><195>&<244>T<17><150><240><182><249><15><230>U<15><140>fU<230><212>:~<237><177>B<148><235><165><207><211><174><17><138><243> <227>q<2><241>n\<210>w<8><225><13>0]<221><212><168><178><227>A<161><151><2><3><1><0><1><163>00.0,<6><3>U<29><17><4>%0#<130><15>radiator.server<130><16>radiator.example0<13><6><9>*<134>H<134><247><13><1><1><11><5><0><3><130><2><1><0>JME<174>X<234><153><20><152><154>'<216><17><196><181><177>b<225><214><239><240>
e2c44600 	EAP-Message = <152><166>G<7><232><15><196>-<<139>b<156><140><137><194><221><144><203><1><149><129><11><204><228><181><238>#i<180>kF<144><3><15><1><219>0<135><242><21><153><11><170><2>_?<22><138><197>MU<254>1<178><233><5><188><210>pJ=<211>lok5<135>;<205><5><239>|<139>'<156>7<170><150>'<221><189><23>G<216><147><253><225><7><138>b<0>5<136>0<249>f<178>k<141><216><239><167><212><26><138><181><30>2<150>5<175>nA<216><0><194><223><246>}'p<198>Q<236>?<218><194><2><29>5<133><3><171><159><249><131><175><0>B<130>&Z<205>W<131>=<147><204>=_<23>8<22><161>=G)<253><222>0<23><16>NS<248><212>7<193>5i<f:[<127><138>y8<130><135>w<188>[<172><250>h2<232>+`Q<29><14>u<12><210>=<243> <21>z{A<140>8<128>,<223><0><182>4<173>a<155>k*<164>tG<179>B<168>F<2><140>s<16><20><138><132><221>b<219>u<179>U<152>[B<231><176><200><19><254>_<154><146>SA<211><143>
e2c44600 	Message-Authenticator = <204>><174><202><190><199>4<155><138>(<201>b<18>5<245>w

b17a41a0 Fri Jul 25 07:04:16 2025 375756: DEBUG: Packet dump:
b17a41a0 *** Received from 10.42.96.38 port 53322 ....
b17a41a0 Code:       Access-Request
b17a41a0 Identifier: 10
b17a41a0 Authentic:  B<182><202><170><187>O<209><214><166><142>6<188><166>k}<176>
b17a41a0 Attributes:
b17a41a0 	User-Name = "limit"
b17a41a0 	NAS-Port-Id = "Dot11radio 1/0.2"
b17a41a0 	NAS-Port-Type = Wireless-IEEE-802-11
b17a41a0 	Framed-IP-Address = 0.0.0.0
b17a41a0 	NAS-Port = 2
b17a41a0 	Acct-Session-Id = "00749cd4a19e_000_0000000023_1753427055"
b17a41a0 	Calling-Station-Id = "d89e612476f3"
b17a41a0 	Called-Station-Id = "00749cd4a19e:Zeep_Test_Radiator"
b17a41a0 	Unknown-4881-4 = <0><0><0>3
b17a41a0 	EAP-Message = <2><3><0><6><25><0>
b17a41a0 	Message-Authenticator = <177><142><149>8<240>c<191>c<169><221><143>K4<7>n<142>
b17a41a0 	Service-Type = Framed-User
b17a41a0 	Framed-Routing = None
b17a41a0 	Framed-IP-Netmask = 0.0.0.0
b17a41a0 	Framed-Route = "0.0.0.0"
b17a41a0 	Login-IP-Host = 0.0.0.0
b17a41a0 	NAS-IP-Address = 10.42.96.38

b17a41a0 Fri Jul 25 07:04:16 2025 375948: DEBUG: Handling request with Handler '', Identifier ''
b17a41a0 Fri Jul 25 07:04:16 2025 376108: DEBUG: SessINTERNAL: Deleting session for limit, 10.42.96.38, 2
b17a41a0 Fri Jul 25 07:04:16 2025 387342: DEBUG: Handling with AuthSQL
b17a41a0 Fri Jul 25 07:04:16 2025 387464: DEBUG: Handling with Radius::AuthSQL: 
b17a41a0 Fri Jul 25 07:04:16 2025 387636: DEBUG: Handling with EAP: code 2, 3, 6, 25
b17a41a0 Fri Jul 25 07:04:16 2025 387775: DEBUG: Response type 25
b17a41a0 Fri Jul 25 07:04:16 2025 387926: DEBUG: EAP result: 3, EAP PEAP Challenge
b17a41a0 Fri Jul 25 07:04:16 2025 388074: DEBUG: AuthBy SQL result: CHALLENGE, EAP PEAP Challenge
b17a41a0 Fri Jul 25 07:04:16 2025 388195: DEBUG: Access challenged for limit: EAP PEAP Challenge
b17a41a0 Fri Jul 25 07:04:16 2025 388768: DEBUG: Packet dump:
b17a41a0 *** Sending to 10.42.96.38 port 53322 ....
b17a41a0 Code:       Access-Challenge
b17a41a0 Identifier: 10
b17a41a0 Authentic:  <201><23><245>^<17><128><141><197><150>v<253><179><4><194><215><222>
b17a41a0 Attributes:
b17a41a0 	EAP-Message = <1><4><3><238><25>@<218><224><155><169><151>`o<237><194><6><13>]K<161><143><224><22><164><26><175>~Gf<128><150><251><198><229><192><205><203>@RA<187><222><6><144><1>_<177><7><127><177><240><12>MF<212>;l<19><239><128><218><189><241><155><230><7>_<217><170>P.<241>t<234>%<147><190><135><8><253>kq<181><194><226><160>I=<196>^0<24><19>Z<187>*Q<185>k<14><7><195>(<2><19><204><130>P<138><127>`<31>"<0>i<21><162>dz<155>)<209><135><193><13>Se<251><184>J<186><161><238>C<31><224>2~<245><158><232>4U<144><183><250>k<148><228><28><12>sZ<10><133><166>s<137>;<131><202>y<189><170><213>h<13><222><22><5>grY7<227><148><242>i0<7><7>I<232><30><239>g<191>|R<247><161><169><27><160>Q<132><205>><27>mq<31><179>F<20><10><6>0Yo}j<152><201><21><149>y<221><10><162>B<218><148><153><134><152><13>|<209><162>r7<228>1<242><154><172><241>K<26><15>]<206><155><181><242><0><5><169>0<130><5><165>
b17a41a0 	EAP-Message = 0<130><3><141><160><3><2><1><2><2><20><7><251>Zc<208><200><200><137><150><223>CG<142><180>y<216>Cg>40<13><6><9>*<134>H<134><247><13><1><1><11><5><0>0b1<11>0<9><6><3>U<4><6><19><2>PH1<21>0<19><6><3>U<4><8><12><12>Metro Manila1<15>0<13><6><3>U<4><7><12><6>Manila1<17>0<15><6><3>U<4><10><12><8>ZeepWifi1<24>0<22><6><3>U<4><3><12><15>radiator.server0<30><23><13>250514055313Z<23><13>350512055313Z0b1<11>0<9><6><3>U<4><6><19><2>PH1<21>0<19><6><3>U<4><8><12><12>Metro Manila1<15>0<13><6><3>U<4><7><12><6>Manila1<17>0<15><6><3>U<4><10><12><8>ZeepWifi1
b17a41a0 	EAP-Message = <24>0<22><6><3>U<4><3><12><15>radiator.server0<130><2>"0<13><6><9>*<134>H<134><247><13><1><1><1><5><0><3><130><2><15><0>0<130><2><10><2><130><2><1><0><196><200><134><237>U<159>6<203>T<232><230><173>=<16><253>@<163>e<177><170><153>Z<4><206>&l<8>kiYm\<146><144>,ho<167><225>NKNC<133><186><157><25>Rk<238><131>c<255>0<186><222><0><1><138><190><137><198>'<5>8<160>0<252><219><253><15><243><246><127><196><238>3<127><213><227><196>d[<188>q<239><224><189><22><212>CDmp<202>W'<181><219>0I<213>0'<244><236><187><130><206><146>g<128>t&%<10>`<202><180><219><224><30>D<22><253>C<0><143><232>e<195><212><156><229><4>ts<240><255><247><180><249><208>c<236>"y<19><229><171>n<232><210><229>]<236><203><15>Ur<202><226><237><216><218><213><146><206><142><243>/QF<3><209><166><127><215><209><25><248>af^`k<252><191><8>?<221>[<161>;<195>
b17a41a0 	EAP-Message = <217>A<244><18><226>)<133><139><182>V<224><204><228>2<163>V<192>.'<130>?<135><201>/u<186><202><5><1><216><4> <183><216><13><170>5<12>Q*H<241><239><8>vR<132><14>L><164>C<189><128>b<208><137>|<240>[B<215><6>c<148>?<146>K<29><159><255><168><212><23><138><174>,<14><127>~<189>`<199><192><249><26><132><227>Y<254><210><195><28><144><249><159><202><16><225><205><224>R<149>T<218><209>Y<159>3<220><142>2<142><24>.<162><159><225><191>Ll&<0><12><243><215><202><248>ys<222><246>R<188>Q<187>I!<31><209><128><130><219>x<241><151><235><203><170><185><13>e<243><235>2(<201>2<165>WB<1><215><210><134><226><221><170>+<162><163>g<237>s<144><147><31><155><234><7><180><135><246>1Ema<213>"<8>A<151><156>M<247>9<188><27><30>x<11><133>i<245><17>A<220><198><218>T<24>1J<195>OV<230>N<127>g<222><0><31>P<174>m<255><245><224>m<205><212>%<22><30>D<30>}%<229><138><27>D<222><168><30><183>
b17a41a0 	Message-Authenticator = <180><170><198><190><219>p<235><252><150><231><250>y(l<2><26>

b74402c0 Fri Jul 25 07:04:16 2025 410214: DEBUG: Packet dump:
b74402c0 *** Received from 10.42.96.38 port 53322 ....
b74402c0 Code:       Access-Request
b74402c0 Identifier: 11
b74402c0 Authentic:  B<182><172><170><187>O<209><214><166><142>6<188><166>k}<176>
b74402c0 Attributes:
b74402c0 	User-Name = "limit"
b74402c0 	NAS-Port-Id = "Dot11radio 1/0.2"
b74402c0 	NAS-Port-Type = Wireless-IEEE-802-11
b74402c0 	Framed-IP-Address = 0.0.0.0
b74402c0 	NAS-Port = 2
b74402c0 	Acct-Session-Id = "00749cd4a19e_000_0000000023_1753427055"
b74402c0 	Calling-Station-Id = "d89e612476f3"
b74402c0 	Called-Station-Id = "00749cd4a19e:Zeep_Test_Radiator"
b74402c0 	Unknown-4881-4 = <0><0><0>3
b74402c0 	EAP-Message = <2><4><0><6><25><0>
b74402c0 	Message-Authenticator = N<160><211>/N<199>d<212><214><141><193>N<232><214><180><143>
b74402c0 	Service-Type = Framed-User
b74402c0 	Framed-Routing = None
b74402c0 	Framed-IP-Netmask = 0.0.0.0
b74402c0 	Framed-Route = "0.0.0.0"
b74402c0 	Login-IP-Host = 0.0.0.0
b74402c0 	NAS-IP-Address = 10.42.96.38

b74402c0 Fri Jul 25 07:04:16 2025 410424: DEBUG: Handling request with Handler '', Identifier ''
b74402c0 Fri Jul 25 07:04:16 2025 410593: DEBUG: SessINTERNAL: Deleting session for limit, 10.42.96.38, 2
b74402c0 Fri Jul 25 07:04:16 2025 421789: DEBUG: Handling with AuthSQL
b74402c0 Fri Jul 25 07:04:16 2025 421958: DEBUG: Handling with Radius::AuthSQL: 
b74402c0 Fri Jul 25 07:04:16 2025 422195: DEBUG: Handling with EAP: code 2, 4, 6, 25
b74402c0 Fri Jul 25 07:04:16 2025 422385: DEBUG: Response type 25
b74402c0 Fri Jul 25 07:04:16 2025 422627: DEBUG: EAP result: 3, EAP PEAP Challenge
b74402c0 Fri Jul 25 07:04:16 2025 422808: DEBUG: AuthBy SQL result: CHALLENGE, EAP PEAP Challenge
b74402c0 Fri Jul 25 07:04:16 2025 422966: DEBUG: Access challenged for limit: EAP PEAP Challenge
b74402c0 Fri Jul 25 07:04:16 2025 423775: DEBUG: Packet dump:
b74402c0 *** Sending to 10.42.96.38 port 53322 ....
b74402c0 Code:       Access-Challenge
b74402c0 Identifier: 11
b74402c0 Authentic:  5<221>0\<211><9><251>><156>5<162>L/<248><30><220>
b74402c0 Attributes:
b74402c0 	EAP-Message = <1><5><3><238><25>@r<226><151>$<162><158>v<170>'<28><154><228>><182><182>E<197>acq<153>uH<26>K<239><194><197>qm<186><11><13><252><215><1>q<254><21><163><209>p<208><164><136><192><177><182><173><3><190><145>oNL@W<197>o<140>d<252>`<206>:?<25>G5m<2><3><1><0><1><163>S0Q0<29><6><3>U<29><14><4><22><4><20><7><12><193><151><201><227>?<228>/i<197>+2<26>A<223><224><6>3!0<31><6><3>U<29>#<4><24>0<22><128><20><7><12><193><151><201><227>?<228>/i<197>+2<26>A<223><224><6>3!0<15><6><3>U<29><19><1><1><255><4><5>0<3><1><1><255>0<13><6><9>*<134>H<134><247><13><1><1><11><5><0><3><130><2><1><0><173>$m<142><252><227>C<135><153>0}=B<12>/<215><163>7<170><17><22><234><31>v<139><181><3><206><174><248><203>DOks<169>9<143>)<27>P<131><15><134>':<179><145><212><31><221><11><31><12><189>0<21><218><248><27><176><251>^r<4>y<204>
b74402c0 	EAP-Message = <160><202>F<149>n<27><214>2jC<5><254><16><136><128><177>s<2>F7<213><22><134>i<147>I<169><186><189><144>,+<190><152><152>'<209><6>9<154><189>L!<139>k<222><219><15><136><4><127>?R<208><231><202>w<3><193><232><159><230><208>$:<18>S<229><148>s<22><21><251>d<205>^<138><170>o<26><22><190><12><153><146>G<191>=<3>2<128>p<10><127><21><180>%<224><182><213><0>c%lV<219><226>4<250>SXm<166><9><250><210><177><180><153><249><204>TI<237><161><206>\<173><131>T?<151><218>}E<156><23><240><#<240><161>.<161><16>(<191>jq~&<182><235>I<233>s_<15><199><248><140><195><212><138><230><171>}<232><250><188><189><142>J<246><203><140>(;W<227><<13><26><153>z<128><240>_g<193><227>r<149><173>&o3<169><219>]9@<132><27><134><252>+M<18><245>C\<167><155><127><249><236><0>n<21>17y/<31>$u=<134><236><196><196><234><24><22><251><1><138><147><193><171>H<228><183>[<26><229><247><242><16>1<220><19>
b74402c0 	EAP-Message = <6><146>9F<158><174><129><137><168>;<147>y<141>`G<21>Yh<196><148><223>V<207><178>Ly<193>MZ<16><201><31><185><195><220>2v[Q<140>h<ic<129><166><23><160><216><231><244><151><10><217><254><20><190><210>-<31>Ij<192>T<217><250><197>'<249><187><224><134><207>j<8>4<221><192><21>*<148><249><214>xG<173><26><168><180><29><247>?Y<25><129>~<146><234>*<24><222>4<221>G<240>6!<243><3><182>T3<2><194>r(<146><164>g<137>u<253>y<26><214>H<27><10><236><190><130><144>T<184>m<176><150><168><167><204><200><213>Qf<226>9r<152>8Aw<163><214>y7<169>|<201>w<31><246><239><188>jQ(z<165>C<255>{<140><135><205><200><176><176>P<252><177>cB<239><226><169><172><165><156><143><198>9<204><22><3><3><1>,<12><0><1>(<3><0><29> $(<190><223><137>Mm.<177>o<218>_&TD<150>\<219>9<132>N<226>P0<21>c<216><143><136>B<239><21><8><4><1><0>H<140><217><2><190>"G<245><237><29><128><179>
b74402c0 	EAP-Message = <201><23><27><151><29><233><220><177><160>)`<207><193>p%<211>S<209>,u<185>#<201><184>p<133>1<187>`<243><244><137><157>?<223>X<214><254>*<169><228>ju<128><30>7<233><174>g<217><<163>.,<196>F<21>]<199>j<170><9><27><218><251>;<207>Z<16><201><128>Y<25>=<176>f<244>Q*}<180>*<210><208><190><9><15>j<241><163><201><199>$<202>"<27><128>h<171>a<17><216><212><248>8<186><214>y<17>J]<133><186>Klw<218>1<0>F<140><200>H<246>&<226><226>2<185><236><19><226><14><208>/?<163><200>7<195><223><1><25><181>=<179><131>Z<252><160><176><242><176><248><30><30><192><223><239><228><22>A!A<153><190><154><140><243><21><18><232>-<213><244>T<162><8><181><179><198>"2<150>w<148>"H<3><4>>Y<165><250>z<171><204><224>r#<30><193><161><222>yXA<217><182><2>j<191><214>G<214>&<20><229><14>#_G<245><232><183>~<3><147>Ci<139><200><231><198><237><239>(<158>vJ<4><211><152><228><22><3><3>
b74402c0 	Message-Authenticator = <253>Y<195>Do<178><24><26>fc<242><9><21><4>r<146>

63d0c380 Fri Jul 25 07:04:16 2025 453715: DEBUG: Packet dump:
63d0c380 *** Received from 10.42.96.38 port 53322 ....
63d0c380 Code:       Access-Request
63d0c380 Identifier: 12
63d0c380 Authentic:  B<182>n<170><187>O<209><214><166><142>6<188><166>k}<176>
63d0c380 Attributes:
63d0c380 	User-Name = "limit"
63d0c380 	NAS-Port-Id = "Dot11radio 1/0.2"
63d0c380 	NAS-Port-Type = Wireless-IEEE-802-11
63d0c380 	Framed-IP-Address = 0.0.0.0
63d0c380 	NAS-Port = 2
63d0c380 	Acct-Session-Id = "00749cd4a19e_000_0000000023_1753427055"
63d0c380 	Calling-Station-Id = "d89e612476f3"
63d0c380 	Called-Station-Id = "00749cd4a19e:Zeep_Test_Radiator"
63d0c380 	Unknown-4881-4 = <0><0><0>3
63d0c380 	EAP-Message = <2><5><0><6><25><0>
63d0c380 	Message-Authenticator = K<243>f<188>C{Z<244><140><154><215><248><135>4D.
63d0c380 	Service-Type = Framed-User
63d0c380 	Framed-Routing = None
63d0c380 	Framed-IP-Netmask = 0.0.0.0
63d0c380 	Framed-Route = "0.0.0.0"
63d0c380 	Login-IP-Host = 0.0.0.0
63d0c380 	NAS-IP-Address = 10.42.96.38

63d0c380 Fri Jul 25 07:04:16 2025 453937: DEBUG: Handling request with Handler '', Identifier ''
63d0c380 Fri Jul 25 07:04:16 2025 454093: DEBUG: SessINTERNAL: Deleting session for limit, 10.42.96.38, 2
63d0c380 Fri Jul 25 07:04:16 2025 464570: DEBUG: Handling with AuthSQL
63d0c380 Fri Jul 25 07:04:16 2025 464725: DEBUG: Handling with Radius::AuthSQL: 
63d0c380 Fri Jul 25 07:04:16 2025 464921: DEBUG: Handling with EAP: code 2, 5, 6, 25
63d0c380 Fri Jul 25 07:04:16 2025 465029: DEBUG: Response type 25
63d0c380 Fri Jul 25 07:04:16 2025 465193: DEBUG: EAP result: 3, EAP PEAP Challenge
63d0c380 Fri Jul 25 07:04:16 2025 465296: DEBUG: AuthBy SQL result: CHALLENGE, EAP PEAP Challenge
63d0c380 Fri Jul 25 07:04:16 2025 465404: DEBUG: Access challenged for limit: EAP PEAP Challenge
63d0c380 Fri Jul 25 07:04:16 2025 465692: DEBUG: Packet dump:
63d0c380 *** Sending to 10.42.96.38 port 53322 ....
63d0c380 Code:       Access-Challenge
63d0c380 Identifier: 12
63d0c380 Authentic:  F <215><194><167>o<251>5<238><26><140><234><24><195><3><199>
63d0c380 Attributes:
63d0c380 	EAP-Message = <1><6><0><12><25><0><0><4><14><0><0><0>
63d0c380 	Message-Authenticator = g0^_<191><165>g<2>><212>5<167>^<175>`<18>

af22cca0 Fri Jul 25 07:04:19 2025 169535: DEBUG: Packet dump:
af22cca0 *** Received from 10.42.96.38 port 53322 ....
af22cca0 Code:       Access-Request
af22cca0 Identifier: 13
af22cca0 Authentic:  b<182>n<170><187>O<209><214><166><142>6<188><166>k}<176>
af22cca0 Attributes:
af22cca0 	User-Name = "limit"
af22cca0 	NAS-Port-Id = "Dot11radio 1/0.2"
af22cca0 	NAS-Port-Type = Wireless-IEEE-802-11
af22cca0 	Framed-IP-Address = 0.0.0.0
af22cca0 	NAS-Port = 2
af22cca0 	Acct-Session-Id = "00749cd4a19e_000_0000000023_1753427055"
af22cca0 	Calling-Station-Id = "d89e612476f3"
af22cca0 	Called-Station-Id = "00749cd4a19e:Zeep_Test_Radiator"
af22cca0 	Unknown-4881-4 = <0><0><0>3
af22cca0 	EAP-Message = <2><6><0>g<25><128><0><0><0>]<22><3><3><0>%<16><0><0>! P%<21><156><19><176><191>lz<25><175><190>u%V|<227><27>`<143><191><237>`<207><226><168><145>R<203><216>MP<20><3><3><0><1><1><22><3><3><0>(<0><0><0><0><0><0><0><0>s<223><6><28><197><221><187><179><149><131>l<250><148>G<252><163>M#!2_w<178><181><164><243>y<0><175><194><3><239>
af22cca0 	Message-Authenticator = \<218><225><158><8>H<13><136>7<217>oZ`<14><168>\
af22cca0 	Service-Type = Framed-User
af22cca0 	Framed-Routing = None
af22cca0 	Framed-IP-Netmask = 0.0.0.0
af22cca0 	Framed-Route = "0.0.0.0"
af22cca0 	Login-IP-Host = 0.0.0.0
af22cca0 	NAS-IP-Address = 10.42.96.38

af22cca0 Fri Jul 25 07:04:19 2025 170070: DEBUG: Handling request with Handler '', Identifier ''
af22cca0 Fri Jul 25 07:04:19 2025 170318: DEBUG: SessINTERNAL: Deleting session for limit, 10.42.96.38, 2
af22cca0 Fri Jul 25 07:04:19 2025 182964: DEBUG: Handling with AuthSQL
af22cca0 Fri Jul 25 07:04:19 2025 183120: DEBUG: Handling with Radius::AuthSQL: 
af22cca0 Fri Jul 25 07:04:19 2025 183455: DEBUG: Handling with EAP: code 2, 6, 103, 25
af22cca0 Fri Jul 25 07:04:19 2025 183581: DEBUG: Response type 25
af22cca0 Fri Jul 25 07:04:19 2025 183901: DEBUG: EAP TLS SSL_accept result: 1, 0, 1
af22cca0 Fri Jul 25 07:04:19 2025 184132: DEBUG: EAP PEAP TLS Session accepted: TLSv1.2 ECDHE-RSA-AES128-GCM-SHA256
af22cca0 Fri Jul 25 07:04:19 2025 184402: DEBUG: EAP result: 3, EAP PEAP Challenge
af22cca0 Fri Jul 25 07:04:19 2025 184509: DEBUG: AuthBy SQL result: CHALLENGE, EAP PEAP Challenge
af22cca0 Fri Jul 25 07:04:19 2025 184633: DEBUG: Access challenged for limit: EAP PEAP Challenge
af22cca0 Fri Jul 25 07:04:19 2025 184994: DEBUG: Packet dump:
af22cca0 *** Sending to 10.42.96.38 port 53322 ....
af22cca0 Code:       Access-Challenge
af22cca0 Identifier: 13
af22cca0 Authentic:  <158>O)<200><219><186><200><244><9><152><30>*<18>$<153>[
af22cca0 Attributes:
af22cca0 	EAP-Message = <1><7><0>=<25><128><0><0><0>3<20><3><3><0><1><1><22><3><3><0>(<142>$<211><143><225><190><154>,<138><133><229><225><244>gI<156><168>S<1><175><230>-<8><240>3"<237>d{<175><156><201>nD%<190><253><176>=H
af22cca0 	Message-Authenticator = <234><140><176><151>PU<193><127><136><16><162>#<129>(<236>?

059f9bb0 Fri Jul 25 07:04:19 2025 200807: DEBUG: Packet dump:
059f9bb0 *** Received from 10.42.96.38 port 53322 ....
059f9bb0 Code:       Access-Request
059f9bb0 Identifier: 14
059f9bb0 Authentic:  b<182>n<170><187>O<209><214><166><142>p<188><166>k}<176>
059f9bb0 Attributes:
059f9bb0 	User-Name = "limit"
059f9bb0 	NAS-Port-Id = "Dot11radio 1/0.2"
059f9bb0 	NAS-Port-Type = Wireless-IEEE-802-11
059f9bb0 	Framed-IP-Address = 0.0.0.0
059f9bb0 	NAS-Port = 2
059f9bb0 	Acct-Session-Id = "00749cd4a19e_000_0000000023_1753427055"
059f9bb0 	Calling-Station-Id = "d89e612476f3"
059f9bb0 	Called-Station-Id = "00749cd4a19e:Zeep_Test_Radiator"
059f9bb0 	Unknown-4881-4 = <0><0><0>3
059f9bb0 	EAP-Message = <2><7><0><6><25><0>
059f9bb0 	Message-Authenticator = ~!m<132>8<27><207><23><190>u<4><234><165>?<148>#
059f9bb0 	Service-Type = Framed-User
059f9bb0 	Framed-Routing = None
059f9bb0 	Framed-IP-Netmask = 0.0.0.0
059f9bb0 	Framed-Route = "0.0.0.0"
059f9bb0 	Login-IP-Host = 0.0.0.0
059f9bb0 	NAS-IP-Address = 10.42.96.38

059f9bb0 Fri Jul 25 07:04:19 2025 200998: DEBUG: Handling request with Handler '', Identifier ''
059f9bb0 Fri Jul 25 07:04:19 2025 201150: DEBUG: SessINTERNAL: Deleting session for limit, 10.42.96.38, 2
059f9bb0 Fri Jul 25 07:04:19 2025 211683: DEBUG: Handling with AuthSQL
059f9bb0 Fri Jul 25 07:04:19 2025 211805: DEBUG: Handling with Radius::AuthSQL: 
059f9bb0 Fri Jul 25 07:04:19 2025 211965: DEBUG: Handling with EAP: code 2, 7, 6, 25
059f9bb0 Fri Jul 25 07:04:19 2025 212067: DEBUG: Response type 25
059f9bb0 Fri Jul 25 07:04:19 2025 212222: DEBUG: EAP result: 3, EAP PEAP Challenge
059f9bb0 Fri Jul 25 07:04:19 2025 212320: DEBUG: AuthBy SQL result: CHALLENGE, EAP PEAP Challenge
059f9bb0 Fri Jul 25 07:04:19 2025 212422: DEBUG: Access challenged for limit: EAP PEAP Challenge
059f9bb0 Fri Jul 25 07:04:19 2025 212650: DEBUG: Packet dump:
059f9bb0 *** Sending to 10.42.96.38 port 53322 ....
059f9bb0 Code:       Access-Challenge
059f9bb0 Identifier: 14
059f9bb0 Authentic:  :<27><191><251><26>f<1><191><230><18><182>B<178>O<135><172>
059f9bb0 Attributes:
059f9bb0 	EAP-Message = <1><8><0>$<25><0><23><3><3><0><25><142>$<211><143><225><190><154>-Y<174><135>C2t<180>#<199><206>T<218><13>",<183><199>
059f9bb0 	Message-Authenticator = <233>e<6>E<250><234><161><193><155><222>Ld<139>QYJ

83b6cd90 Fri Jul 25 07:04:19 2025 223939: DEBUG: Packet dump:
83b6cd90 *** Received from 10.42.96.38 port 53322 ....
83b6cd90 Code:       Access-Request
83b6cd90 Identifier: 15
83b6cd90 Authentic:  b<182>n<170><187>O<209><214><166><142><234><188><166>k}<176>
83b6cd90 Attributes:
83b6cd90 	User-Name = "limit"
83b6cd90 	NAS-Port-Id = "Dot11radio 1/0.2"
83b6cd90 	NAS-Port-Type = Wireless-IEEE-802-11
83b6cd90 	Framed-IP-Address = 0.0.0.0
83b6cd90 	NAS-Port = 2
83b6cd90 	Acct-Session-Id = "00749cd4a19e_000_0000000023_1753427055"
83b6cd90 	Calling-Station-Id = "d89e612476f3"
83b6cd90 	Called-Station-Id = "00749cd4a19e:Zeep_Test_Radiator"
83b6cd90 	Unknown-4881-4 = <0><0><0>3
83b6cd90 	EAP-Message = <2><8><0>)<25><0><23><3><3><0><30><0><0><0><0><0><0><0><1><1>_<181><153><161><182>y<168><178><192><196><153><137>m<150>~<164><17><211>x<206>{
83b6cd90 	Message-Authenticator = <214><20><132>J<204>^<158><176>e%n<237>j<11><167><157>
83b6cd90 	Service-Type = Framed-User
83b6cd90 	Framed-Routing = None
83b6cd90 	Framed-IP-Netmask = 0.0.0.0
83b6cd90 	Framed-Route = "0.0.0.0"
83b6cd90 	Login-IP-Host = 0.0.0.0
83b6cd90 	NAS-IP-Address = 10.42.96.38

83b6cd90 Fri Jul 25 07:04:19 2025 224196: DEBUG: Handling request with Handler '', Identifier ''
83b6cd90 Fri Jul 25 07:04:19 2025 224358: DEBUG: SessINTERNAL: Deleting session for limit, 10.42.96.38, 2
83b6cd90 Fri Jul 25 07:04:19 2025 234661: DEBUG: Handling with AuthSQL
83b6cd90 Fri Jul 25 07:04:19 2025 234798: DEBUG: Handling with Radius::AuthSQL: 
83b6cd90 Fri Jul 25 07:04:19 2025 234966: DEBUG: Handling with EAP: code 2, 8, 41, 25
83b6cd90 Fri Jul 25 07:04:19 2025 235099: DEBUG: Response type 25
83b6cd90 Fri Jul 25 07:04:19 2025 235315: DEBUG: EAP PEAP inner authentication request for anonymous
83b6cd90 Fri Jul 25 07:04:19 2025 235465: DEBUG: PEAP Tunnelled request Packet dump:
83b6cd90 Code:       Access-Request
83b6cd90 Identifier: UNDEF
83b6cd90 Authentic:  <249><253>0<178><239><151><145><129><13><224>;L<133>e~<210>
83b6cd90 Attributes:
83b6cd90 	EAP-Message = <2><8><0><10><1>limit
83b6cd90 	Message-Authenticator = <0><0><0><0><0><0><0><0><0><0><0><0><0><0><0><0>
83b6cd90 	NAS-IP-Address = 10.42.96.38
83b6cd90 	NAS-Port = 2
83b6cd90 	Calling-Station-Id = "d89e612476f3"
83b6cd90 	User-Name = "anonymous"

83b6cd90 Fri Jul 25 07:04:19 2025 235591: DEBUG: Handling request with Handler 'TunnelledByPEAP=1', Identifier ''
83b6cd90 Fri Jul 25 07:04:19 2025 235735: DEBUG: SessINTERNAL: Deleting session for anonymous, 10.42.96.38, 2
83b6cd90 Fri Jul 25 07:04:19 2025 235845: DEBUG: Handling with AuthSQL
83b6cd90 Fri Jul 25 07:04:19 2025 235939: DEBUG: Handling with Radius::AuthSQL: 
83b6cd90 Fri Jul 25 07:04:19 2025 236098: DEBUG: Handling with EAP: code 2, 8, 10, 1
83b6cd90 Fri Jul 25 07:04:19 2025 236195: DEBUG: Response type 1
83b6cd90 Fri Jul 25 07:04:19 2025 236365: DEBUG: EAP result: 3, EAP MSCHAP-V2 Challenge
83b6cd90 Fri Jul 25 07:04:19 2025 236462: DEBUG: AuthBy SQL result: CHALLENGE, EAP MSCHAP-V2 Challenge
83b6cd90 Fri Jul 25 07:04:19 2025 236562: DEBUG: Access challenged for anonymous: EAP MSCHAP-V2 Challenge
83b6cd90 Fri Jul 25 07:04:19 2025 236743: DEBUG: Returned PEAP tunnelled packet dump:
83b6cd90 Code:       Access-Challenge
83b6cd90 Identifier: UNDEF
83b6cd90 Authentic:  <249><253>0<178><239><151><145><129><13><224>;L<133>e~<210>
83b6cd90 Attributes:
83b6cd90 	EAP-Message = <1><9><0>&<26><1><9><0>!<16>;<210><245><230><202><242><180>,<31>F<28>*<1>{<5><133>8bffbc75e233
83b6cd90 	Message-Authenticator = <0><0><0><0><0><0><0><0><0><0><0><0><0><0><0><0>

83b6cd90 Fri Jul 25 07:04:19 2025 236898: DEBUG: EAP result: 3, EAP PEAP inner authentication redispatched to a Handler
83b6cd90 Fri Jul 25 07:04:19 2025 237010: DEBUG: AuthBy SQL result: CHALLENGE, EAP PEAP inner authentication redispatched to a Handler
83b6cd90 Fri Jul 25 07:04:19 2025 237110: DEBUG: Access challenged for limit: EAP PEAP inner authentication redispatched to a Handler
83b6cd90 Fri Jul 25 07:04:19 2025 237354: DEBUG: Packet dump:
83b6cd90 *** Sending to 10.42.96.38 port 53322 ....
83b6cd90 Code:       Access-Challenge
83b6cd90 Identifier: 15
83b6cd90 Authentic:  <254>&E<19><<247>a<27><152><5><24><18><187><140><220>;
83b6cd90 Attributes:
83b6cd90 	EAP-Message = <1><9><0>E<25><0><23><3><3><0>:<142>$<211><143><225><190><154>.@<204>s<237><253><221>p!M<24><140><251>l<243>Y)[<153><184><232>a<16>u;<218><231><233><236><4>j<227><253><2><242><212>Z<137>`<168>w3<142><172><215><243><154><227><180><162><172>
83b6cd90 	Message-Authenticator = <251><196>|9<248>)&<130><24>7<9><26><183>3qg

cafe2d00 Fri Jul 25 07:04:19 2025 259107: DEBUG: Packet dump:
cafe2d00 *** Received from 10.42.96.38 port 53322 ....
cafe2d00 Code:       Access-Request
cafe2d00 Identifier: 16
cafe2d00 Authentic:  b<182>n<170><187>O<209><214><166><142><234><188><166>k}<15>
cafe2d00 Attributes:
cafe2d00 	User-Name = "limit"
cafe2d00 	NAS-Port-Id = "Dot11radio 1/0.2"
cafe2d00 	NAS-Port-Type = Wireless-IEEE-802-11
cafe2d00 	Framed-IP-Address = 0.0.0.0
cafe2d00 	NAS-Port = 2
cafe2d00 	Acct-Session-Id = "00749cd4a19e_000_0000000023_1753427055"
cafe2d00 	Calling-Station-Id = "d89e612476f3"
cafe2d00 	Called-Station-Id = "00749cd4a19e:Zeep_Test_Radiator"
cafe2d00 	Unknown-4881-4 = <0><0><0>3
cafe2d00 	EAP-Message = <2><9><0>_<25><0><23><3><3><0>T<0><0><0><0><0><0><0><2><1>e"\<149>nq<202><160>'<244><192><146><254>f<25>g<8><30><237><5>Z<222>M1<209>g<200>[<250>V<244>t<7><152><251>E<234>}<28>"<208>c<206><252><225>M;<6>#E<163><31>2<170>H<155><242>8Y<138>=<235><201><228><209><131>o<246><240><252><169><248>_5M
cafe2d00 	Message-Authenticator = <219>"y6!<199><167><234><148>8"<162>#<23><226>\
cafe2d00 	Service-Type = Framed-User
cafe2d00 	Framed-Routing = None
cafe2d00 	Framed-IP-Netmask = 0.0.0.0
cafe2d00 	Framed-Route = "0.0.0.0"
cafe2d00 	Login-IP-Host = 0.0.0.0
cafe2d00 	NAS-IP-Address = 10.42.96.38

cafe2d00 Fri Jul 25 07:04:19 2025 259334: DEBUG: Handling request with Handler '', Identifier ''
cafe2d00 Fri Jul 25 07:04:19 2025 259492: DEBUG: SessINTERNAL: Deleting session for limit, 10.42.96.38, 2
cafe2d00 Fri Jul 25 07:04:19 2025 270340: DEBUG: Handling with AuthSQL
cafe2d00 Fri Jul 25 07:04:19 2025 270465: DEBUG: Handling with Radius::AuthSQL: 
cafe2d00 Fri Jul 25 07:04:19 2025 270688: DEBUG: Handling with EAP: code 2, 9, 95, 25
cafe2d00 Fri Jul 25 07:04:19 2025 270795: DEBUG: Response type 25
cafe2d00 Fri Jul 25 07:04:19 2025 271019: DEBUG: EAP PEAP inner authentication request for anonymous
cafe2d00 Fri Jul 25 07:04:19 2025 271222: DEBUG: PEAP Tunnelled request Packet dump:
cafe2d00 Code:       Access-Request
cafe2d00 Identifier: UNDEF
cafe2d00 Authentic:  (<170>?<225>Y<128><226>R<157>A+`<24><192>Q<152>
cafe2d00 Attributes:
cafe2d00 	EAP-Message = <2><9><0>@<26><2><9><0>;1<224><135>w<132><196><219><165><233><224>IX<128>M^<139><196><0><0><0><0><0><0><0><0><25><187><210><147><217><129><252><2><159><22><246><19><29><211><190><190><230>C<138><161><245><182><188><181><0>limit
cafe2d00 	Message-Authenticator = <0><0><0><0><0><0><0><0><0><0><0><0><0><0><0><0>
cafe2d00 	NAS-IP-Address = 10.42.96.38
cafe2d00 	NAS-Port = 2
cafe2d00 	Calling-Station-Id = "d89e612476f3"
cafe2d00 	User-Name = "anonymous"

cafe2d00 Fri Jul 25 07:04:19 2025 271356: DEBUG: Handling request with Handler 'TunnelledByPEAP=1', Identifier ''
cafe2d00 Fri Jul 25 07:04:19 2025 271496: DEBUG: SessINTERNAL: Deleting session for anonymous, 10.42.96.38, 2
cafe2d00 Fri Jul 25 07:04:19 2025 271604: DEBUG: Handling with AuthSQL
cafe2d00 Fri Jul 25 07:04:19 2025 271711: DEBUG: Handling with Radius::AuthSQL: 
cafe2d00 Fri Jul 25 07:04:19 2025 271861: DEBUG: Handling with EAP: code 2, 9, 64, 26
cafe2d00 Fri Jul 25 07:04:19 2025 271971: DEBUG: Response type 26
cafe2d00 Fri Jul 25 07:04:19 2025 272203: DEBUG: Converted EAP-MSCHAPV2 Packet dump:
cafe2d00 Code:       Access-Request
cafe2d00 Identifier: UNDEF
cafe2d00 Authentic:  <193><193><12>%Z<236><159>=S<205><208><29>%<200><180><135>
cafe2d00 Attributes:
cafe2d00 	User-Name = "limit"
cafe2d00 	ConvertedFromEAPMSCHAPV2 = 1
cafe2d00 	MS-CHAP2-Response = <1><0><224><135>w<132><196><219><165><233><224>IX<128>M^<139><196>0<0><0><0><0><0><0><0><25><187><210><147><217><129><252><2><159><22><246><19><29><211><190><190><230>C<138><161><245><182><188><181>
cafe2d00 	MS-CHAP-Challenge = ;<210><245><230><202><242><180>,<31>F<28>*<1>{<5><133>

cafe2d00 Fri Jul 25 07:04:19 2025 272331: DEBUG: Handling request with Handler '', Identifier ''
cafe2d00 Fri Jul 25 07:04:19 2025 272462: DEBUG: SessINTERNAL: Deleting session for limit, 10.42.96.38, 
cafe2d00 Fri Jul 25 07:04:19 2025 272622: DEBUG: Handling with AuthSQL
cafe2d00 Fri Jul 25 07:04:19 2025 272727: DEBUG: Handling with Radius::AuthSQL: 
00000000 Fri Jul 25 07:04:19 2025 273018: DEBUG: Query to 'dbi:Pg:dbname=radius;host=10.42.4.5;port=5432 Connection id: 0-00000': 'SELECT password, (remaining_bytes >> 32) AS flux_max_high32, (remaining_bytes & 4294967295) AS flux_max_low32 FROM subscribers WHERE username = 'limit' AND remaining_bytes > 0 AND status = 1 AND EXISTS (SELECT 1 FROM nas_session_mac_attrs AS n JOIN allowed_nas_mac_address AS a ON n.called_station_id = a.called_station_id WHERE n.username = subscribers.username)': 
cafe2d00 Fri Jul 25 07:04:19 2025 274013: DEBUG: Radius::AuthSQL looks for match with 'limit' [limit]
cafe2d00 Fri Jul 25 07:04:19 2025 274179: DEBUG: Radius::AuthSQL REJECT: No such user: 'limit' [limit]
00000000 Fri Jul 25 07:04:19 2025 274359: DEBUG: Query to 'dbi:Pg:dbname=radius;host=10.42.4.5;port=5432 Connection id: 0-00000': 'SELECT password, (remaining_bytes >> 32) AS flux_max_high32, (remaining_bytes & 4294967295) AS flux_max_low32 FROM subscribers WHERE username = 'DEFAULT' AND remaining_bytes > 0 AND status = 1 AND EXISTS (SELECT 1 FROM nas_session_mac_attrs AS n JOIN allowed_nas_mac_address AS a ON n.called_station_id = a.called_station_id WHERE n.username = subscribers.username)': 
cafe2d00 Fri Jul 25 07:04:19 2025 275146: DEBUG: AuthBy SQL result: REJECT, No such user
cafe2d00 Fri Jul 25 07:04:19 2025 275288: INFO: Access rejected for limit: No such user
cafe2d00 Fri Jul 25 07:04:19 2025 275471: DEBUG: Converted EAP-MSCHAPV2 response Packet dump:
cafe2d00 Code:       Access-Reject
cafe2d00 Identifier: UNDEF
cafe2d00 Authentic:  <193><193><12>%Z<236><159>=S<205><208><29>%<200><180><135>
cafe2d00 Attributes:
cafe2d00 	Reply-Message = "Request Denied"

cafe2d00 Fri Jul 25 07:04:19 2025 275597: DEBUG: EAP Failure, elapsed time 0.039299
cafe2d00 Fri Jul 25 07:04:19 2025 275747: DEBUG: EAP result: 1, EAP-MSCHAPV2 converted to Radius MSCHAPV2 and redispatched to a Handler
cafe2d00 Fri Jul 25 07:04:19 2025 275847: DEBUG: AuthBy SQL result: REJECT, EAP-MSCHAPV2 converted to Radius MSCHAPV2 and redispatched to a Handler
cafe2d00 Fri Jul 25 07:04:19 2025 275950: INFO: Access rejected for anonymous: EAP-MSCHAPV2 converted to Radius MSCHAPV2 and redispatched to a Handler
cafe2d00 Fri Jul 25 07:04:19 2025 276118: DEBUG: Returned PEAP tunnelled packet dump:
cafe2d00 Code:       Access-Reject
cafe2d00 Identifier: UNDEF
cafe2d00 Authentic:  (<170>?<225>Y<128><226>R<157>A+`<24><192>Q<152>
cafe2d00 Attributes:
cafe2d00 	EAP-Message = <4><9><0><4>
cafe2d00 	Message-Authenticator = <0><0><0><0><0><0><0><0><0><0><0><0><0><0><0><0>
cafe2d00 	Reply-Message = "Request Denied"

cafe2d00 Fri Jul 25 07:04:19 2025 276303: DEBUG: EAP result: 3, EAP PEAP inner authentication redispatched to a Handler
cafe2d00 Fri Jul 25 07:04:19 2025 276408: DEBUG: AuthBy SQL result: CHALLENGE, EAP PEAP inner authentication redispatched to a Handler
cafe2d00 Fri Jul 25 07:04:19 2025 276511: DEBUG: Access challenged for limit: EAP PEAP inner authentication redispatched to a Handler
cafe2d00 Fri Jul 25 07:04:19 2025 276808: DEBUG: Packet dump:
cafe2d00 *** Sending to 10.42.96.38 port 53322 ....
cafe2d00 Code:       Access-Challenge
cafe2d00 Identifier: 16
cafe2d00 Authentic:  <142><143><200>8<30><212>Y<7><175><185>:S<130>E|<172>
cafe2d00 Attributes:
cafe2d00 	EAP-Message = <1><10><0>.<25><0><23><3><3><0>#<142>$<211><143><225><190><154>/<176><159>`B<211>6m2<191><142><23>*<220>2<159><154>y<2>j6<137>"<154><177>i00
cafe2d00 	Message-Authenticator = /0<153>.4<30>ZE<24><183><189><23>u<136>G<155>

98bb7e40 Fri Jul 25 07:04:19 2025 299192: DEBUG: Packet dump:
98bb7e40 *** Received from 10.42.96.38 port 53322 ....
98bb7e40 Code:       Access-Request
98bb7e40 Identifier: 17
98bb7e40 Authentic:  b<182>n<170><187>O<209><214><166><142><234><188><166><152>}<15>
98bb7e40 Attributes:
98bb7e40 	User-Name = "limit"
98bb7e40 	NAS-Port-Id = "Dot11radio 1/0.2"
98bb7e40 	NAS-Port-Type = Wireless-IEEE-802-11
98bb7e40 	Framed-IP-Address = 0.0.0.0
98bb7e40 	NAS-Port = 2
98bb7e40 	Acct-Session-Id = "00749cd4a19e_000_0000000023_1753427055"
98bb7e40 	Calling-Station-Id = "d89e612476f3"
98bb7e40 	Called-Station-Id = "00749cd4a19e:Zeep_Test_Radiator"
98bb7e40 	Unknown-4881-4 = <0><0><0>3
98bb7e40 	EAP-Message = <2><10><0>.<25><0><23><3><3><0>#<0><0><0><0><0><0><0><3>i<171><31><161><241><165><0>e I6<220><223><187><11><233><153>\<186>4<224>P'V~D<169>
98bb7e40 	Message-Authenticator = <199><140>f!'<254>O<13>[=<158><243><244>.-<217>
98bb7e40 	Service-Type = Framed-User
98bb7e40 	Framed-Routing = None
98bb7e40 	Framed-IP-Netmask = 0.0.0.0
98bb7e40 	Framed-Route = "0.0.0.0"
98bb7e40 	Login-IP-Host = 0.0.0.0
98bb7e40 	NAS-IP-Address = 10.42.96.38

98bb7e40 Fri Jul 25 07:04:19 2025 299446: DEBUG: Handling request with Handler '', Identifier ''
98bb7e40 Fri Jul 25 07:04:19 2025 299610: DEBUG: SessINTERNAL: Deleting session for limit, 10.42.96.38, 2
98bb7e40 Fri Jul 25 07:04:19 2025 312032: DEBUG: Handling with AuthSQL
98bb7e40 Fri Jul 25 07:04:19 2025 312154: DEBUG: Handling with Radius::AuthSQL: 
98bb7e40 Fri Jul 25 07:04:19 2025 312344: DEBUG: Handling with EAP: code 2, 10, 46, 25
98bb7e40 Fri Jul 25 07:04:19 2025 312467: DEBUG: Response type 25
98bb7e40 Fri Jul 25 07:04:19 2025 312722: DEBUG: EAP Failure, elapsed time 3.012602
98bb7e40 Fri Jul 25 07:04:19 2025 312865: DEBUG: EAP result: 1, PEAP Authentication Failure
98bb7e40 Fri Jul 25 07:04:19 2025 312965: DEBUG: AuthBy SQL result: REJECT, PEAP Authentication Failure
98bb7e40 Fri Jul 25 07:04:19 2025 313074: INFO: Access rejected for limit: PEAP Authentication Failure
98bb7e40 Fri Jul 25 07:04:19 2025 313364: DEBUG: Packet dump:
98bb7e40 *** Sending to 10.42.96.38 port 53322 ....
98bb7e40 Code:       Access-Reject
98bb7e40 Identifier: 17
98bb7e40 Authentic:  <252><158><131><193>t<222>*<209><9><177><171><236><194>&<11><144>
98bb7e40 Attributes:
98bb7e40 	EAP-Message = <4><10><0><4>
98bb7e40 	Message-Authenticator = <255><1><204><150><201><140>o<169>c<206><189><160><222><18>=<198>
98bb7e40 	Reply-Message = "Request Denied"

b320ef90 Fri Jul 25 07:06:13 2025 626325: DEBUG: Packet dump:
b320ef90 *** Received from 10.42.96.38 port 53322 ....
b320ef90 Code:       Access-Request
b320ef90 Identifier: 18
b320ef90 Authentic:  <130><182>n<170><187>O<209><214><166><142><234><188><166><152>}<15>
b320ef90 Attributes:
b320ef90 	User-Name = "charchels"
b320ef90 	NAS-Port-Id = "Dot11radio 2/0.2"
b320ef90 	NAS-Port-Type = Wireless-IEEE-802-11
b320ef90 	Framed-IP-Address = 0.0.0.0
b320ef90 	NAS-Port = 2
b320ef90 	Acct-Session-Id = "00749cd4a19e_000_0000000024_1753427172"
b320ef90 	Calling-Station-Id = "be75f405967a"
b320ef90 	Called-Station-Id = "00749cd4a19e:Zeep_Test_Radiator"
b320ef90 	Unknown-4881-4 = <0><0><0>3
b320ef90 	EAP-Message = <2><1><0><14><1>charchels
b320ef90 	Message-Authenticator = %<139>2<247><209>m<195>m<155>5X^<14><179><129><240>
b320ef90 	Service-Type = Framed-User
b320ef90 	Framed-Routing = None
b320ef90 	Framed-IP-Netmask = 0.0.0.0
b320ef90 	Framed-Route = "0.0.0.0"
b320ef90 	Login-IP-Host = 0.0.0.0
b320ef90 	NAS-IP-Address = 10.42.96.38

b320ef90 Fri Jul 25 07:06:13 2025 627096: DEBUG: Handling request with Handler '', Identifier ''
b320ef90 Fri Jul 25 07:06:13 2025 627322: DEBUG: SessINTERNAL: Deleting session for charchels, 10.42.96.38, 2
b320ef90 Fri Jul 25 07:06:13 2025 639348: DEBUG: Handling with AuthSQL
b320ef90 Fri Jul 25 07:06:13 2025 639483: DEBUG: Handling with Radius::AuthSQL: 
b320ef90 Fri Jul 25 07:06:13 2025 639719: DEBUG: Handling with EAP: code 2, 1, 14, 1
b320ef90 Fri Jul 25 07:06:13 2025 639827: DEBUG: Response type 1
b320ef90 Fri Jul 25 07:06:13 2025 640117: DEBUG: EAP result: 3, EAP PEAP Challenge
b320ef90 Fri Jul 25 07:06:13 2025 640227: DEBUG: AuthBy SQL result: CHALLENGE, EAP PEAP Challenge
b320ef90 Fri Jul 25 07:06:13 2025 640374: DEBUG: Access challenged for charchels: EAP PEAP Challenge
b320ef90 Fri Jul 25 07:06:13 2025 640694: DEBUG: Packet dump:
b320ef90 *** Sending to 10.42.96.38 port 53322 ....
b320ef90 Code:       Access-Challenge
b320ef90 Identifier: 18
b320ef90 Authentic:  #<15>G<233>7&W<158><249>H7<19><25>c<26><142>
b320ef90 Attributes:
b320ef90 	EAP-Message = <1><2><0><6><25> 
b320ef90 	Message-Authenticator = <205><195>o<148>r<209>y<147><179>}C<13>;<168>@@

60a46c30 Fri Jul 25 07:06:13 2025 652493: DEBUG: Packet dump:
60a46c30 *** Received from 10.42.96.38 port 53322 ....
60a46c30 Code:       Access-Request
60a46c30 Identifier: 19
60a46c30 Authentic:  <130><182>n<170><187><180><209><214><166><142><234><188><166><152>}<15>
60a46c30 Attributes:
60a46c30 	User-Name = "charchels"
60a46c30 	NAS-Port-Id = "Dot11radio 2/0.2"
60a46c30 	NAS-Port-Type = Wireless-IEEE-802-11
60a46c30 	Framed-IP-Address = 0.0.0.0
60a46c30 	NAS-Port = 2
60a46c30 	Acct-Session-Id = "00749cd4a19e_000_0000000024_1753427172"
60a46c30 	Calling-Station-Id = "be75f405967a"
60a46c30 	Called-Station-Id = "00749cd4a19e:Zeep_Test_Radiator"
60a46c30 	Unknown-4881-4 = <0><0><0>3
60a46c30 	EAP-Message = <2><2><0><141><25><128><0><0><0><131><22><3><1><0>~<1><0><0>z<3><3>Fl<242><153><166>g<132><195><199><188><159><205><8><154><235>e<127>M<31><127><153><237><205><169><<160><197><176><147><242>c=<0><0><30><192>+<192>/<192>,<192>0<204><169><204><168><192><9><192><19><192><10><192><20><0><156><0><157><0>/<0>5<0><10><1><0><0>3<0><23><0><0><255><1><0><1><0><0><10><0><8><0><6><0><29><0><23><0><24><0><11><0><2><1><0><0><13><0><20><0><18><4><3><8><4><4><1><5><3><8><5><5><1><8><6><6><1><2><1>
60a46c30 	Message-Authenticator = lc0<165><201>@<184><241><237><15><143><222>V)<237><197>
60a46c30 	Service-Type = Framed-User
60a46c30 	Framed-Routing = None
60a46c30 	Framed-IP-Netmask = 0.0.0.0
60a46c30 	Framed-Route = "0.0.0.0"
60a46c30 	Login-IP-Host = 0.0.0.0
60a46c30 	NAS-IP-Address = 10.42.96.38

60a46c30 Fri Jul 25 07:06:13 2025 652764: DEBUG: Handling request with Handler '', Identifier ''
60a46c30 Fri Jul 25 07:06:13 2025 652940: DEBUG: SessINTERNAL: Deleting session for charchels, 10.42.96.38, 2
60a46c30 Fri Jul 25 07:06:13 2025 663932: DEBUG: Handling with AuthSQL
60a46c30 Fri Jul 25 07:06:13 2025 664066: DEBUG: Handling with Radius::AuthSQL: 
60a46c30 Fri Jul 25 07:06:13 2025 664244: DEBUG: Handling with EAP: code 2, 2, 141, 25
60a46c30 Fri Jul 25 07:06:13 2025 664380: DEBUG: Response type 25
60a46c30 Fri Jul 25 07:06:13 2025 665835: DEBUG: EAP TLS SSL_accept result: -1, 2, 26
60a46c30 Fri Jul 25 07:06:13 2025 666033: DEBUG: EAP result: 3, EAP PEAP Challenge
60a46c30 Fri Jul 25 07:06:13 2025 666137: DEBUG: AuthBy SQL result: CHALLENGE, EAP PEAP Challenge
60a46c30 Fri Jul 25 07:06:13 2025 666241: DEBUG: Access challenged for charchels: EAP PEAP Challenge
60a46c30 Fri Jul 25 07:06:13 2025 666819: DEBUG: Packet dump:
60a46c30 *** Sending to 10.42.96.38 port 53322 ....
60a46c30 Code:       Access-Challenge
60a46c30 Identifier: 19
60a46c30 Authentic:  ,zN<22>z<139><9>C<194><215>8<172>> <152><26>
60a46c30 Attributes:
60a46c30 	EAP-Message = <1><3><3><242><25><192><0><0><11><190><22><3><3><0>=<2><0><0>9<3><3><133>u<178><202><128>zeT<197>Av<226>%<225>%p<144><27><237>bD<17><10>N]<18>j<205><197>7K%<0><192>/<0><0><17><255><1><0><1><0><0><11><0><4><3><0><1><2><0><23><0><0><22><3><3><10>=<11><0><10>9<0><10>6<0><4><135>0<130><4><131>0<130><2>k<160><3><2><1><2><2><20>H<148>)<201><180>Qz<177>up<206><248><194>s_o<23>9<20><169>0<13><6><9>*<134>H<134><247><13><1><1><11><5><0>0b1<11>0<9><6><3>U<4><6><19><2>PH1<21>0<19><6><3>U<4><8><12><12>Metro Manila1<15>0<13><6><3>U<4><7><12><6>Manila1<17>0<15><6><3>U<4><10><12><8>ZeepWifi1<24>0<22><6><3>U<4><3><12><15>radiator.server0<30><23><13>25051405
60a46c30 	EAP-Message = 5507Z<23><13>270817055507Z0c1<11>0<9><6><3>U<4><6><19><2>PH1<21>0<19><6><3>U<4><8><12><12>Metro Manila1<15>0<13><6><3>U<4><7><12><6>Manila1<17>0<15><6><3>U<4><10><12><8>ZeepWifi1<25>0<23><6><3>U<4><3><12><16>radiator.example0<130><1>"0<13><6><9>*<134>H<134><247><13><1><1><1><5><0><3><130><1><15><0>0<130><1><10><2><130><1><1><0><185>4<8>=<212><143>l<22><175><132>/<2>h<157>N<154><210><31>g<6>+sk<246><6>`<241><214><186><235>_<199><180>E<134><233><22><173><198>v<207> <225><150><128>!P<159><187>vuv\*<234><204><171>B<153>v<253><253>z4<254><220><28><166><176><131><224><200><187><176><16><137><128><229><177>n<130>B&<147><248>T_PJ9-<243><248><175><29><243><219><211>U
60a46c30 	EAP-Message = <166><163><197><12><218><199><172>y<211><251><161>p<172><153>N<11>(!2<27><180><246><160><19><7>;L]<16><167><255><17><190>zx:<221><217>l<193>DI<22><2>6P<231><224><146>jf<6><169>[<179><159><31>E<129>v<233><154><233><10>8xgb<168>Q<246>q<18><166><216><202><139>r1<160><203><193><254><193><254>#<129><241><239>eT<6><152><176><29>'<13>!*R<156><172><22><195>&<244>T<17><150><240><182><249><15><230>U<15><140>fU<230><212>:~<237><177>B<148><235><165><207><211><174><17><138><243> <227>q<2><241>n\<210>w<8><225><13>0]<221><212><168><178><227>A<161><151><2><3><1><0><1><163>00.0,<6><3>U<29><17><4>%0#<130><15>radiator.server<130><16>radiator.example0<13><6><9>*<134>H<134><247><13><1><1><11><5><0><3><130><2><1><0>JME<174>X<234><153><20><152><154>'<216><17><196><181><177>b<225><214><239><240>
60a46c30 	EAP-Message = <152><166>G<7><232><15><196>-<<139>b<156><140><137><194><221><144><203><1><149><129><11><204><228><181><238>#i<180>kF<144><3><15><1><219>0<135><242><21><153><11><170><2>_?<22><138><197>MU<254>1<178><233><5><188><210>pJ=<211>lok5<135>;<205><5><239>|<139>'<156>7<170><150>'<221><189><23>G<216><147><253><225><7><138>b<0>5<136>0<249>f<178>k<141><216><239><167><212><26><138><181><30>2<150>5<175>nA<216><0><194><223><246>}'p<198>Q<236>?<218><194><2><29>5<133><3><171><159><249><131><175><0>B<130>&Z<205>W<131>=<147><204>=_<23>8<22><161>=G)<253><222>0<23><16>NS<248><212>7<193>5i<f:[<127><138>y8<130><135>w<188>[<172><250>h2<232>+`Q<29><14>u<12><210>=<243> <21>z{A<140>8<128>,<223><0><182>4<173>a<155>k*<164>tG<179>B<168>F<2><140>s<16><20><138><132><221>b<219>u<179>U<152>[B<231><176><200><19><254>_<154><146>SA<211><143>
60a46c30 	Message-Authenticator = <161><181><206>)<139><169><222><130><30>f<<131>1<141>X-

6d2b9330 Fri Jul 25 07:06:13 2025 680706: DEBUG: Packet dump:
6d2b9330 *** Received from 10.42.96.38 port 53322 ....
6d2b9330 Code:       Access-Request
6d2b9330 Identifier: 20
6d2b9330 Authentic:  <130><182>n<170><187><180><209><214>><142><234><188><166><152>}<15>
6d2b9330 Attributes:
6d2b9330 	User-Name = "charchels"
6d2b9330 	NAS-Port-Id = "Dot11radio 2/0.2"
6d2b9330 	NAS-Port-Type = Wireless-IEEE-802-11
6d2b9330 	Framed-IP-Address = 0.0.0.0
6d2b9330 	NAS-Port = 2
6d2b9330 	Acct-Session-Id = "00749cd4a19e_000_0000000024_1753427172"
6d2b9330 	Calling-Station-Id = "be75f405967a"
6d2b9330 	Called-Station-Id = "00749cd4a19e:Zeep_Test_Radiator"
6d2b9330 	Unknown-4881-4 = <0><0><0>3
6d2b9330 	EAP-Message = <2><3><0><6><25><0>
6d2b9330 	Message-Authenticator = <193><18>Q<216>j<7>a<134><189>v<236>sKV<209><128>
6d2b9330 	Service-Type = Framed-User
6d2b9330 	Framed-Routing = None
6d2b9330 	Framed-IP-Netmask = 0.0.0.0
6d2b9330 	Framed-Route = "0.0.0.0"
6d2b9330 	Login-IP-Host = 0.0.0.0
6d2b9330 	NAS-IP-Address = 10.42.96.38

6d2b9330 Fri Jul 25 07:06:13 2025 680953: DEBUG: Handling request with Handler '', Identifier ''
6d2b9330 Fri Jul 25 07:06:13 2025 681114: DEBUG: SessINTERNAL: Deleting session for charchels, 10.42.96.38, 2
6d2b9330 Fri Jul 25 07:06:13 2025 691522: DEBUG: Handling with AuthSQL
6d2b9330 Fri Jul 25 07:06:13 2025 691641: DEBUG: Handling with Radius::AuthSQL: 
6d2b9330 Fri Jul 25 07:06:13 2025 691806: DEBUG: Handling with EAP: code 2, 3, 6, 25
6d2b9330 Fri Jul 25 07:06:13 2025 691905: DEBUG: Response type 25
6d2b9330 Fri Jul 25 07:06:13 2025 692051: DEBUG: EAP result: 3, EAP PEAP Challenge
6d2b9330 Fri Jul 25 07:06:13 2025 692150: DEBUG: AuthBy SQL result: CHALLENGE, EAP PEAP Challenge
6d2b9330 Fri Jul 25 07:06:13 2025 692249: DEBUG: Access challenged for charchels: EAP PEAP Challenge
6d2b9330 Fri Jul 25 07:06:13 2025 692801: DEBUG: Packet dump:
6d2b9330 *** Sending to 10.42.96.38 port 53322 ....
6d2b9330 Code:       Access-Challenge
6d2b9330 Identifier: 20
6d2b9330 Authentic:  @<22><5><22><202><246>!A<12><217><169>5<226><137><13>[
6d2b9330 Attributes:
6d2b9330 	EAP-Message = <1><4><3><238><25>@<218><224><155><169><151>`o<237><194><6><13>]K<161><143><224><22><164><26><175>~Gf<128><150><251><198><229><192><205><203>@RA<187><222><6><144><1>_<177><7><127><177><240><12>MF<212>;l<19><239><128><218><189><241><155><230><7>_<217><170>P.<241>t<234>%<147><190><135><8><253>kq<181><194><226><160>I=<196>^0<24><19>Z<187>*Q<185>k<14><7><195>(<2><19><204><130>P<138><127>`<31>"<0>i<21><162>dz<155>)<209><135><193><13>Se<251><184>J<186><161><238>C<31><224>2~<245><158><232>4U<144><183><250>k<148><228><28><12>sZ<10><133><166>s<137>;<131><202>y<189><170><213>h<13><222><22><5>grY7<227><148><242>i0<7><7>I<232><30><239>g<191>|R<247><161><169><27><160>Q<132><205>><27>mq<31><179>F<20><10><6>0Yo}j<152><201><21><149>y<221><10><162>B<218><148><153><134><152><13>|<209><162>r7<228>1<242><154><172><241>K<26><15>]<206><155><181><242><0><5><169>0<130><5><165>
6d2b9330 	EAP-Message = 0<130><3><141><160><3><2><1><2><2><20><7><251>Zc<208><200><200><137><150><223>CG<142><180>y<216>Cg>40<13><6><9>*<134>H<134><247><13><1><1><11><5><0>0b1<11>0<9><6><3>U<4><6><19><2>PH1<21>0<19><6><3>U<4><8><12><12>Metro Manila1<15>0<13><6><3>U<4><7><12><6>Manila1<17>0<15><6><3>U<4><10><12><8>ZeepWifi1<24>0<22><6><3>U<4><3><12><15>radiator.server0<30><23><13>250514055313Z<23><13>350512055313Z0b1<11>0<9><6><3>U<4><6><19><2>PH1<21>0<19><6><3>U<4><8><12><12>Metro Manila1<15>0<13><6><3>U<4><7><12><6>Manila1<17>0<15><6><3>U<4><10><12><8>ZeepWifi1
6d2b9330 	EAP-Message = <24>0<22><6><3>U<4><3><12><15>radiator.server0<130><2>"0<13><6><9>*<134>H<134><247><13><1><1><1><5><0><3><130><2><15><0>0<130><2><10><2><130><2><1><0><196><200><134><237>U<159>6<203>T<232><230><173>=<16><253>@<163>e<177><170><153>Z<4><206>&l<8>kiYm\<146><144>,ho<167><225>NKNC<133><186><157><25>Rk<238><131>c<255>0<186><222><0><1><138><190><137><198>'<5>8<160>0<252><219><253><15><243><246><127><196><238>3<127><213><227><196>d[<188>q<239><224><189><22><212>CDmp<202>W'<181><219>0I<213>0'<244><236><187><130><206><146>g<128>t&%<10>`<202><180><219><224><30>D<22><253>C<0><143><232>e<195><212><156><229><4>ts<240><255><247><180><249><208>c<236>"y<19><229><171>n<232><210><229>]<236><203><15>Ur<202><226><237><216><218><213><146><206><142><243>/QF<3><209><166><127><215><209><25><248>af^`k<252><191><8>?<221>[<161>;<195>
6d2b9330 	EAP-Message = <217>A<244><18><226>)<133><139><182>V<224><204><228>2<163>V<192>.'<130>?<135><201>/u<186><202><5><1><216><4> <183><216><13><170>5<12>Q*H<241><239><8>vR<132><14>L><164>C<189><128>b<208><137>|<240>[B<215><6>c<148>?<146>K<29><159><255><168><212><23><138><174>,<14><127>~<189>`<199><192><249><26><132><227>Y<254><210><195><28><144><249><159><202><16><225><205><224>R<149>T<218><209>Y<159>3<220><142>2<142><24>.<162><159><225><191>Ll&<0><12><243><215><202><248>ys<222><246>R<188>Q<187>I!<31><209><128><130><219>x<241><151><235><203><170><185><13>e<243><235>2(<201>2<165>WB<1><215><210><134><226><221><170>+<162><163>g<237>s<144><147><31><155><234><7><180><135><246>1Ema<213>"<8>A<151><156>M<247>9<188><27><30>x<11><133>i<245><17>A<220><198><218>T<24>1J<195>OV<230>N<127>g<222><0><31>P<174>m<255><245><224>m<205><212>%<22><30>D<30>}%<229><138><27>D<222><168><30><183>
6d2b9330 	Message-Authenticator = V<132><236><148>?7QB<9><185>=v[<241>G7

07e01ce0 Fri Jul 25 07:06:13 2025 705145: DEBUG: Packet dump:
07e01ce0 *** Received from 10.42.96.38 port 53322 ....
07e01ce0 Code:       Access-Request
07e01ce0 Identifier: 21
07e01ce0 Authentic:  <130><182>n<170><187><180><209><13>><142><234><188><166><152>}<15>
07e01ce0 Attributes:
07e01ce0 	User-Name = "charchels"
07e01ce0 	NAS-Port-Id = "Dot11radio 2/0.2"
07e01ce0 	NAS-Port-Type = Wireless-IEEE-802-11
07e01ce0 	Framed-IP-Address = 0.0.0.0
07e01ce0 	NAS-Port = 2
07e01ce0 	Acct-Session-Id = "00749cd4a19e_000_0000000024_1753427172"
07e01ce0 	Calling-Station-Id = "be75f405967a"
07e01ce0 	Called-Station-Id = "00749cd4a19e:Zeep_Test_Radiator"
07e01ce0 	Unknown-4881-4 = <0><0><0>3
07e01ce0 	EAP-Message = <2><4><0><6><25><0>
07e01ce0 	Message-Authenticator = <21><23>r<171><166><186>1{N<129><142>G<14><148><151><5>
07e01ce0 	Service-Type = Framed-User
07e01ce0 	Framed-Routing = None
07e01ce0 	Framed-IP-Netmask = 0.0.0.0
07e01ce0 	Framed-Route = "0.0.0.0"
07e01ce0 	Login-IP-Host = 0.0.0.0
07e01ce0 	NAS-IP-Address = 10.42.96.38

07e01ce0 Fri Jul 25 07:06:13 2025 705367: DEBUG: Handling request with Handler '', Identifier ''
07e01ce0 Fri Jul 25 07:06:13 2025 705521: DEBUG: SessINTERNAL: Deleting session for charchels, 10.42.96.38, 2
07e01ce0 Fri Jul 25 07:06:13 2025 716038: DEBUG: Handling with AuthSQL
07e01ce0 Fri Jul 25 07:06:13 2025 716159: DEBUG: Handling with Radius::AuthSQL: 
07e01ce0 Fri Jul 25 07:06:13 2025 716346: DEBUG: Handling with EAP: code 2, 4, 6, 25
07e01ce0 Fri Jul 25 07:06:13 2025 716449: DEBUG: Response type 25
07e01ce0 Fri Jul 25 07:06:13 2025 716607: DEBUG: EAP result: 3, EAP PEAP Challenge
07e01ce0 Fri Jul 25 07:06:13 2025 716706: DEBUG: AuthBy SQL result: CHALLENGE, EAP PEAP Challenge
07e01ce0 Fri Jul 25 07:06:13 2025 716807: DEBUG: Access challenged for charchels: EAP PEAP Challenge
07e01ce0 Fri Jul 25 07:06:13 2025 717411: DEBUG: Packet dump:
07e01ce0 *** Sending to 10.42.96.38 port 53322 ....
07e01ce0 Code:       Access-Challenge
07e01ce0 Identifier: 21
07e01ce0 Authentic:  <11><244><150><30><8><246>x<140><21>"<240><188><197><235>z<233>
07e01ce0 Attributes:
07e01ce0 	EAP-Message = <1><5><3><238><25>@r<226><151>$<162><158>v<170>'<28><154><228>><182><182>E<197>acq<153>uH<26>K<239><194><197>qm<186><11><13><252><215><1>q<254><21><163><209>p<208><164><136><192><177><182><173><3><190><145>oNL@W<197>o<140>d<252>`<206>:?<25>G5m<2><3><1><0><1><163>S0Q0<29><6><3>U<29><14><4><22><4><20><7><12><193><151><201><227>?<228>/i<197>+2<26>A<223><224><6>3!0<31><6><3>U<29>#<4><24>0<22><128><20><7><12><193><151><201><227>?<228>/i<197>+2<26>A<223><224><6>3!0<15><6><3>U<29><19><1><1><255><4><5>0<3><1><1><255>0<13><6><9>*<134>H<134><247><13><1><1><11><5><0><3><130><2><1><0><173>$m<142><252><227>C<135><153>0}=B<12>/<215><163>7<170><17><22><234><31>v<139><181><3><206><174><248><203>DOks<169>9<143>)<27>P<131><15><134>':<179><145><212><31><221><11><31><12><189>0<21><218><248><27><176><251>^r<4>y<204>
07e01ce0 	EAP-Message = <160><202>F<149>n<27><214>2jC<5><254><16><136><128><177>s<2>F7<213><22><134>i<147>I<169><186><189><144>,+<190><152><152>'<209><6>9<154><189>L!<139>k<222><219><15><136><4><127>?R<208><231><202>w<3><193><232><159><230><208>$:<18>S<229><148>s<22><21><251>d<205>^<138><170>o<26><22><190><12><153><146>G<191>=<3>2<128>p<10><127><21><180>%<224><182><213><0>c%lV<219><226>4<250>SXm<166><9><250><210><177><180><153><249><204>TI<237><161><206>\<173><131>T?<151><218>}E<156><23><240><#<240><161>.<161><16>(<191>jq~&<182><235>I<233>s_<15><199><248><140><195><212><138><230><171>}<232><250><188><189><142>J<246><203><140>(;W<227><<13><26><153>z<128><240>_g<193><227>r<149><173>&o3<169><219>]9@<132><27><134><252>+M<18><245>C\<167><155><127><249><236><0>n<21>17y/<31>$u=<134><236><196><196><234><24><22><251><1><138><147><193><171>H<228><183>[<26><229><247><242><16>1<220><19>
07e01ce0 	EAP-Message = <6><146>9F<158><174><129><137><168>;<147>y<141>`G<21>Yh<196><148><223>V<207><178>Ly<193>MZ<16><201><31><185><195><220>2v[Q<140>h<ic<129><166><23><160><216><231><244><151><10><217><254><20><190><210>-<31>Ij<192>T<217><250><197>'<249><187><224><134><207>j<8>4<221><192><21>*<148><249><214>xG<173><26><168><180><29><247>?Y<25><129>~<146><234>*<24><222>4<221>G<240>6!<243><3><182>T3<2><194>r(<146><164>g<137>u<253>y<26><214>H<27><10><236><190><130><144>T<184>m<176><150><168><167><204><200><213>Qf<226>9r<152>8Aw<163><214>y7<169>|<201>w<31><246><239><188>jQ(z<165>C<255>{<140><135><205><200><176><176>P<252><177>cB<239><226><169><172><165><156><143><198>9<204><22><3><3><1>,<12><0><1>(<3><0><29> <7><225><232><166><9>v<215>BU<19><236>&<0>`<199><191><14>U<134>HA<19><132><0>'_j<181><167><133>Re<8><4><1><0><142><154>P<253><230>c<174>m<143>ai<211>
07e01ce0 	EAP-Message = Q<247><157><21><229><3>c>k<239><170><143><1><244>n<204><17><140><212><234>U1<208><158>$<235><197>@s<176>><166><146><236>?<138><23>0LU<240>J/<193>1S6/ F<224>O<203><154><254><251>Z<215><185><205><1><198>qE<153><183><196><165><180><201><11>9<22><216>%<249>:<252><3><151><139>H<4>S<217><170><196><169><222><202>x<233><207>V<135><234>/<228><253><178>.<8>F<127><138><147>;<185><182>u<135>(<188><246><171>oK<172><24>><223><0><138>*S\<171><229><238>G<229><228>*/:<196><15>*2<192><211><234>%^<233><153>QP<227><137><23><220><145><178><135>`<28><13><16>ax<222>}u<187><245><182><153><156>-<152><132>O<143>3a<235><235><208><231>F<225><196>=<205><146>S<12><183><202><21>nb<242>wD<188><23><130>h<239><8><173><13><220><252><242><231><{)D<14>V<172> 0<142>_<217>,<204><203><188><168><165><238><27><16><240><247>O<246><185><244><199><199><202>b<195><5>R<29><254><22><3><3>
07e01ce0 	Message-Authenticator = <254><193><24><128>|+<226>Yb<181><189><22><13>u]<208>

536b6f10 Fri Jul 25 07:06:13 2025 729986: DEBUG: Packet dump:
536b6f10 *** Received from 10.42.96.38 port 53322 ....
536b6f10 Code:       Access-Request
536b6f10 Identifier: 22
536b6f10 Authentic:  <130><182>n<170><187><180><209><13>><142><234><188>"<152>}<15>
536b6f10 Attributes:
536b6f10 	User-Name = "charchels"
536b6f10 	NAS-Port-Id = "Dot11radio 2/0.2"
536b6f10 	NAS-Port-Type = Wireless-IEEE-802-11
536b6f10 	Framed-IP-Address = 0.0.0.0
536b6f10 	NAS-Port = 2
536b6f10 	Acct-Session-Id = "00749cd4a19e_000_0000000024_1753427172"
536b6f10 	Calling-Station-Id = "be75f405967a"
536b6f10 	Called-Station-Id = "00749cd4a19e:Zeep_Test_Radiator"
536b6f10 	Unknown-4881-4 = <0><0><0>3
536b6f10 	EAP-Message = <2><5><0><6><25><0>
536b6f10 	Message-Authenticator = <228><225><0><164><151><14><4> <163><236><146><136><142><203>KJ
536b6f10 	Service-Type = Framed-User
536b6f10 	Framed-Routing = None
536b6f10 	Framed-IP-Netmask = 0.0.0.0
536b6f10 	Framed-Route = "0.0.0.0"
536b6f10 	Login-IP-Host = 0.0.0.0
536b6f10 	NAS-IP-Address = 10.42.96.38

536b6f10 Fri Jul 25 07:06:13 2025 730456: DEBUG: Handling request with Handler '', Identifier ''
536b6f10 Fri Jul 25 07:06:13 2025 730618: DEBUG: SessINTERNAL: Deleting session for charchels, 10.42.96.38, 2
536b6f10 Fri Jul 25 07:06:13 2025 741492: DEBUG: Handling with AuthSQL
536b6f10 Fri Jul 25 07:06:13 2025 741632: DEBUG: Handling with Radius::AuthSQL: 
536b6f10 Fri Jul 25 07:06:13 2025 741828: DEBUG: Handling with EAP: code 2, 5, 6, 25
536b6f10 Fri Jul 25 07:06:13 2025 741938: DEBUG: Response type 25
536b6f10 Fri Jul 25 07:06:13 2025 742102: DEBUG: EAP result: 3, EAP PEAP Challenge
536b6f10 Fri Jul 25 07:06:13 2025 742203: DEBUG: AuthBy SQL result: CHALLENGE, EAP PEAP Challenge
536b6f10 Fri Jul 25 07:06:13 2025 742327: DEBUG: Access challenged for charchels: EAP PEAP Challenge
536b6f10 Fri Jul 25 07:06:13 2025 742614: DEBUG: Packet dump:
536b6f10 *** Sending to 10.42.96.38 port 53322 ....
536b6f10 Code:       Access-Challenge
536b6f10 Identifier: 22
536b6f10 Authentic:  <206>w<142><184><11>NS<207>`w<190><21>H<137><15><200>
536b6f10 Attributes:
536b6f10 	EAP-Message = <1><6><0><12><25><0><0><4><14><0><0><0>
536b6f10 	Message-Authenticator = d<168>H<235><165>LH<237>Z<236><204><177><5><166><200>b

e4377240 Fri Jul 25 07:06:13 2025 766419: DEBUG: Packet dump:
e4377240 *** Received from 10.42.96.38 port 53322 ....
e4377240 Code:       Access-Request
e4377240 Identifier: 23
e4377240 Authentic:  <130><182>n<170><187><180><209><13>><142><20><188>"<152>}<15>
e4377240 Attributes:
e4377240 	User-Name = "charchels"
e4377240 	NAS-Port-Id = "Dot11radio 2/0.2"
e4377240 	NAS-Port-Type = Wireless-IEEE-802-11
e4377240 	Framed-IP-Address = 0.0.0.0
e4377240 	NAS-Port = 2
e4377240 	Acct-Session-Id = "00749cd4a19e_000_0000000024_1753427172"
e4377240 	Calling-Station-Id = "be75f405967a"
e4377240 	Called-Station-Id = "00749cd4a19e:Zeep_Test_Radiator"
e4377240 	Unknown-4881-4 = <0><0><0>3
e4377240 	EAP-Message = <2><6><0>g<25><128><0><0><0>]<22><3><3><0>%<16><0><0>! }<183>P<155>K<192><201><159><215>)<143><171>I5-<9><162><213>x<247><206>*<188><158><<12><169><240>G<23><243>0<20><3><3><0><1><1><22><3><3><0>(<0><0><0><0><0><0><0><0>5.<255><185><6><234><128><132><130><17><10><253><190>'<138><156><211><134><136>k<6>j<239><241>5a@<153>3&<214><242>
e4377240 	Message-Authenticator = <229><188><1><206><138><194><130><145>><4>]J.<31><240>>
e4377240 	Service-Type = Framed-User
e4377240 	Framed-Routing = None
e4377240 	Framed-IP-Netmask = 0.0.0.0
e4377240 	Framed-Route = "0.0.0.0"
e4377240 	Login-IP-Host = 0.0.0.0
e4377240 	NAS-IP-Address = 10.42.96.38

e4377240 Fri Jul 25 07:06:13 2025 766663: DEBUG: Handling request with Handler '', Identifier ''
e4377240 Fri Jul 25 07:06:13 2025 766823: DEBUG: SessINTERNAL: Deleting session for charchels, 10.42.96.38, 2
e4377240 Fri Jul 25 07:06:13 2025 777646: DEBUG: Handling with AuthSQL
e4377240 Fri Jul 25 07:06:13 2025 777778: DEBUG: Handling with Radius::AuthSQL: 
e4377240 Fri Jul 25 07:06:13 2025 777956: DEBUG: Handling with EAP: code 2, 6, 103, 25
e4377240 Fri Jul 25 07:06:13 2025 778054: DEBUG: Response type 25
e4377240 Fri Jul 25 07:06:13 2025 778340: DEBUG: EAP TLS SSL_accept result: 1, 0, 1
e4377240 Fri Jul 25 07:06:13 2025 778517: DEBUG: EAP PEAP TLS Session accepted: TLSv1.2 ECDHE-RSA-AES128-GCM-SHA256
e4377240 Fri Jul 25 07:06:13 2025 778669: DEBUG: EAP result: 3, EAP PEAP Challenge
e4377240 Fri Jul 25 07:06:13 2025 778768: DEBUG: AuthBy SQL result: CHALLENGE, EAP PEAP Challenge
e4377240 Fri Jul 25 07:06:13 2025 778868: DEBUG: Access challenged for charchels: EAP PEAP Challenge
e4377240 Fri Jul 25 07:06:13 2025 779140: DEBUG: Packet dump:
e4377240 *** Sending to 10.42.96.38 port 53322 ....
e4377240 Code:       Access-Challenge
e4377240 Identifier: 23
e4377240 Authentic:  N/$j<164>~<251><155><223>2<227><150>+<15><249><226>
e4377240 Attributes:
e4377240 	EAP-Message = <1><7><0>=<25><128><0><0><0>3<20><3><3><0><1><1><22><3><3><0>(W<190><9><164>:<245>*<2><151><208>]<10>yB>g<31><138>W<137><201>4<31><26>W<224><248>Y<229><18><192>KIL<143><146>fI<132><225>
e4377240 	Message-Authenticator = D<199><204><175>@V<140><26>{<174>8K<29><12><157>-

d7ad5040 Fri Jul 25 07:06:13 2025 788124: DEBUG: Packet dump:
d7ad5040 *** Received from 10.42.96.38 port 53322 ....
d7ad5040 Code:       Access-Request
d7ad5040 Identifier: 24
d7ad5040 Authentic:  <130><182>n<170><187><180><247><13>><142><20><188>"<152>}<15>
d7ad5040 Attributes:
d7ad5040 	User-Name = "charchels"
d7ad5040 	NAS-Port-Id = "Dot11radio 2/0.2"
d7ad5040 	NAS-Port-Type = Wireless-IEEE-802-11
d7ad5040 	Framed-IP-Address = 0.0.0.0
d7ad5040 	NAS-Port = 2
d7ad5040 	Acct-Session-Id = "00749cd4a19e_000_0000000024_1753427172"
d7ad5040 	Calling-Station-Id = "be75f405967a"
d7ad5040 	Called-Station-Id = "00749cd4a19e:Zeep_Test_Radiator"
d7ad5040 	Unknown-4881-4 = <0><0><0>3
d7ad5040 	EAP-Message = <2><7><0><6><25><0>
d7ad5040 	Message-Authenticator = $<230>5!<3><20><198><136><206>6<16><148><247>p<207>Q
d7ad5040 	Service-Type = Framed-User
d7ad5040 	Framed-Routing = None
d7ad5040 	Framed-IP-Netmask = 0.0.0.0
d7ad5040 	Framed-Route = "0.0.0.0"
d7ad5040 	Login-IP-Host = 0.0.0.0
d7ad5040 	NAS-IP-Address = 10.42.96.38

d7ad5040 Fri Jul 25 07:06:13 2025 788364: DEBUG: Handling request with Handler '', Identifier ''
d7ad5040 Fri Jul 25 07:06:13 2025 788520: DEBUG: SessINTERNAL: Deleting session for charchels, 10.42.96.38, 2
d7ad5040 Fri Jul 25 07:06:13 2025 799110: DEBUG: Handling with AuthSQL
d7ad5040 Fri Jul 25 07:06:13 2025 799236: DEBUG: Handling with Radius::AuthSQL: 
d7ad5040 Fri Jul 25 07:06:13 2025 799424: DEBUG: Handling with EAP: code 2, 7, 6, 25
d7ad5040 Fri Jul 25 07:06:13 2025 799525: DEBUG: Response type 25
d7ad5040 Fri Jul 25 07:06:13 2025 799676: DEBUG: EAP result: 3, EAP PEAP Challenge
d7ad5040 Fri Jul 25 07:06:13 2025 799776: DEBUG: AuthBy SQL result: CHALLENGE, EAP PEAP Challenge
d7ad5040 Fri Jul 25 07:06:13 2025 799875: DEBUG: Access challenged for charchels: EAP PEAP Challenge
d7ad5040 Fri Jul 25 07:06:13 2025 800103: DEBUG: Packet dump:
d7ad5040 *** Sending to 10.42.96.38 port 53322 ....
d7ad5040 Code:       Access-Challenge
d7ad5040 Identifier: 24
d7ad5040 Authentic:  <27><233><161><142>B<185>B<185><157><139><3><184><211>x<161><132>
d7ad5040 Attributes:
d7ad5040 	EAP-Message = <1><8><0>$<25><0><23><3><3><0><25>W<190><9><164>:<245>*<3><17><22><177>4<23>D<11><204>aS<161>;&<22><168><244>O
d7ad5040 	Message-Authenticator = <128><223>xf<137><145><173>O<229>L+<9><169><2><10><210>

39744680 Fri Jul 25 07:06:13 2025 808964: DEBUG: Packet dump:
39744680 *** Received from 10.42.96.38 port 53322 ....
39744680 Code:       Access-Request
39744680 Identifier: 25
39744680 Authentic:  <130><182>n<170><187><180><247><13><6><142><20><188>"<152>}<15>
39744680 Attributes:
39744680 	User-Name = "charchels"
39744680 	NAS-Port-Id = "Dot11radio 2/0.2"
39744680 	NAS-Port-Type = Wireless-IEEE-802-11
39744680 	Framed-IP-Address = 0.0.0.0
39744680 	NAS-Port = 2
39744680 	Acct-Session-Id = "00749cd4a19e_000_0000000024_1753427172"
39744680 	Calling-Station-Id = "be75f405967a"
39744680 	Called-Station-Id = "00749cd4a19e:Zeep_Test_Radiator"
39744680 	Unknown-4881-4 = <0><0><0>3
39744680 	EAP-Message = <2><8><0>-<25><0><23><3><3><0>"<0><0><0><0><0><0><0><1><243>L<132><237>R<194><246><16><148>L<19><10>Wb<138><235><188>*<3>Z<148><216><178><7><255><240>
39744680 	Message-Authenticator = <134><201>X<243><26><156>PJ<140><168><238>n<29>#){
39744680 	Service-Type = Framed-User
39744680 	Framed-Routing = None
39744680 	Framed-IP-Netmask = 0.0.0.0
39744680 	Framed-Route = "0.0.0.0"
39744680 	Login-IP-Host = 0.0.0.0
39744680 	NAS-IP-Address = 10.42.96.38

39744680 Fri Jul 25 07:06:13 2025 809168: DEBUG: Handling request with Handler '', Identifier ''
39744680 Fri Jul 25 07:06:13 2025 809331: DEBUG: SessINTERNAL: Deleting session for charchels, 10.42.96.38, 2
39744680 Fri Jul 25 07:06:13 2025 819447: DEBUG: Handling with AuthSQL
39744680 Fri Jul 25 07:06:13 2025 819566: DEBUG: Handling with Radius::AuthSQL: 
39744680 Fri Jul 25 07:06:13 2025 819748: DEBUG: Handling with EAP: code 2, 8, 45, 25
39744680 Fri Jul 25 07:06:13 2025 819848: DEBUG: Response type 25
39744680 Fri Jul 25 07:06:13 2025 820044: DEBUG: EAP PEAP inner authentication request for anonymous
39744680 Fri Jul 25 07:06:13 2025 820191: DEBUG: PEAP Tunnelled request Packet dump:
39744680 Code:       Access-Request
39744680 Identifier: UNDEF
39744680 Authentic:  L<30><237><253>k<218><21><15><6>8<137>L<24><222><174>J
39744680 Attributes:
39744680 	EAP-Message = <2><8><0><14><1>charchels
39744680 	Message-Authenticator = <0><0><0><0><0><0><0><0><0><0><0><0><0><0><0><0>
39744680 	NAS-IP-Address = 10.42.96.38
39744680 	NAS-Port = 2
39744680 	Calling-Station-Id = "be75f405967a"
39744680 	User-Name = "anonymous"

39744680 Fri Jul 25 07:06:13 2025 820324: DEBUG: Handling request with Handler 'TunnelledByPEAP=1', Identifier ''
39744680 Fri Jul 25 07:06:13 2025 820453: DEBUG: SessINTERNAL: Deleting session for anonymous, 10.42.96.38, 2
39744680 Fri Jul 25 07:06:13 2025 820558: DEBUG: Handling with AuthSQL
39744680 Fri Jul 25 07:06:13 2025 820666: DEBUG: Handling with Radius::AuthSQL: 
39744680 Fri Jul 25 07:06:13 2025 820822: DEBUG: Handling with EAP: code 2, 8, 14, 1
39744680 Fri Jul 25 07:06:13 2025 820915: DEBUG: Response type 1
39744680 Fri Jul 25 07:06:13 2025 821066: DEBUG: EAP result: 3, EAP MSCHAP-V2 Challenge
39744680 Fri Jul 25 07:06:13 2025 821160: DEBUG: AuthBy SQL result: CHALLENGE, EAP MSCHAP-V2 Challenge
39744680 Fri Jul 25 07:06:13 2025 821266: DEBUG: Access challenged for anonymous: EAP MSCHAP-V2 Challenge
39744680 Fri Jul 25 07:06:13 2025 821435: DEBUG: Returned PEAP tunnelled packet dump:
39744680 Code:       Access-Challenge
39744680 Identifier: UNDEF
39744680 Authentic:  L<30><237><253>k<218><21><15><6>8<137>L<24><222><174>J
39744680 Attributes:
39744680 	EAP-Message = <1><9><0>&<26><1><9><0>!<16><136>^)L<176>1<1>3W%|<24>kV<165>48bffbc75e233
39744680 	Message-Authenticator = <0><0><0><0><0><0><0><0><0><0><0><0><0><0><0><0>

39744680 Fri Jul 25 07:06:13 2025 821582: DEBUG: EAP result: 3, EAP PEAP inner authentication redispatched to a Handler
39744680 Fri Jul 25 07:06:13 2025 821693: DEBUG: AuthBy SQL result: CHALLENGE, EAP PEAP inner authentication redispatched to a Handler
39744680 Fri Jul 25 07:06:13 2025 821794: DEBUG: Access challenged for charchels: EAP PEAP inner authentication redispatched to a Handler
39744680 Fri Jul 25 07:06:13 2025 822032: DEBUG: Packet dump:
39744680 *** Sending to 10.42.96.38 port 53322 ....
39744680 Code:       Access-Challenge
39744680 Identifier: 25
39744680 Authentic:  <4>L%<225><183><13>Y<245>j$<162><190><254><177><249><222>
39744680 Attributes:
39744680 	EAP-Message = <1><9><0>E<25><0><23><3><3><0>:W<190><9><164>:<245>*<4>3FO|<210><208><220><17><29><130>-0<133><210>aL<204><160><150>c~<228>r<27><139>u<203><224>0X*<207><17><19><211><10>f<173><155><223><19><137>8<189>V<3><236>V<2>n
39744680 	Message-Authenticator = 'd<183><138><20>a<127>e<144><226>L<242><237><197><153><231>

88c42490 Fri Jul 25 07:06:13 2025 832549: DEBUG: Packet dump:
88c42490 *** Received from 10.42.96.38 port 53322 ....
88c42490 Code:       Access-Request
88c42490 Identifier: 26
88c42490 Authentic:  <130><182>n<170><187><180><247><13><6><142><20><188>"<165>}<15>
88c42490 Attributes:
88c42490 	User-Name = "charchels"
88c42490 	NAS-Port-Id = "Dot11radio 2/0.2"
88c42490 	NAS-Port-Type = Wireless-IEEE-802-11
88c42490 	Framed-IP-Address = 0.0.0.0
88c42490 	NAS-Port = 2
88c42490 	Acct-Session-Id = "00749cd4a19e_000_0000000024_1753427172"
88c42490 	Calling-Station-Id = "be75f405967a"
88c42490 	Called-Station-Id = "00749cd4a19e:Zeep_Test_Radiator"
88c42490 	Unknown-4881-4 = <0><0><0>3
88c42490 	EAP-Message = <2><9><0>c<25><0><23><3><3><0>X<0><0><0><0><0><0><0><2><188><197><202><219><186>_<19>=<221>=&<254><245><166><16><244>u|D<224><210><164><171><237><199>l<169>{<21>x<151><19>,?<219><198><213>Y<191>4<159><154>NW<221><247>=<207><197><163><175><128>|<236>pq<239>*&<142><252><250><127>FX<177><134><129>c"<174><206>p<247>~{<212><158>qD
88c42490 	Message-Authenticator = 8<181>/<250><24><177><227><191><156><27><168><205>+<190><180><3>
88c42490 	Service-Type = Framed-User
88c42490 	Framed-Routing = None
88c42490 	Framed-IP-Netmask = 0.0.0.0
88c42490 	Framed-Route = "0.0.0.0"
88c42490 	Login-IP-Host = 0.0.0.0
88c42490 	NAS-IP-Address = 10.42.96.38

88c42490 Fri Jul 25 07:06:13 2025 832753: DEBUG: Handling request with Handler '', Identifier ''
88c42490 Fri Jul 25 07:06:13 2025 832904: DEBUG: SessINTERNAL: Deleting session for charchels, 10.42.96.38, 2
88c42490 Fri Jul 25 07:06:13 2025 843616: DEBUG: Handling with AuthSQL
88c42490 Fri Jul 25 07:06:13 2025 843735: DEBUG: Handling with Radius::AuthSQL: 
88c42490 Fri Jul 25 07:06:13 2025 843905: DEBUG: Handling with EAP: code 2, 9, 99, 25
88c42490 Fri Jul 25 07:06:13 2025 844005: DEBUG: Response type 25
88c42490 Fri Jul 25 07:06:13 2025 844189: DEBUG: EAP PEAP inner authentication request for anonymous
88c42490 Fri Jul 25 07:06:13 2025 844390: DEBUG: PEAP Tunnelled request Packet dump:
88c42490 Code:       Access-Request
88c42490 Identifier: UNDEF
88c42490 Authentic:  !<218>}<132>C`<216><213>T<14><197>XKe<158><8>
88c42490 Attributes:
88c42490 	EAP-Message = <2><9><0>D<26><2><9><0>?1<254>y<19><145><174>T<178><150><127><204><140><162>Qs<148>s<0><0><0><0><0><0><0><0>OG<245><153><181>Gt<232>w<231><9><176><160><169>t<211><175><254><231><243><220>~<143>K<0>charchels
88c42490 	Message-Authenticator = <0><0><0><0><0><0><0><0><0><0><0><0><0><0><0><0>
88c42490 	NAS-IP-Address = 10.42.96.38
88c42490 	NAS-Port = 2
88c42490 	Calling-Station-Id = "be75f405967a"
88c42490 	User-Name = "anonymous"

88c42490 Fri Jul 25 07:06:13 2025 844518: DEBUG: Handling request with Handler 'TunnelledByPEAP=1', Identifier ''
88c42490 Fri Jul 25 07:06:13 2025 844647: DEBUG: SessINTERNAL: Deleting session for anonymous, 10.42.96.38, 2
88c42490 Fri Jul 25 07:06:13 2025 844750: DEBUG: Handling with AuthSQL
88c42490 Fri Jul 25 07:06:13 2025 844840: DEBUG: Handling with Radius::AuthSQL: 
88c42490 Fri Jul 25 07:06:13 2025 844983: DEBUG: Handling with EAP: code 2, 9, 68, 26
88c42490 Fri Jul 25 07:06:13 2025 845083: DEBUG: Response type 26
88c42490 Fri Jul 25 07:06:13 2025 845302: DEBUG: Converted EAP-MSCHAPV2 Packet dump:
88c42490 Code:       Access-Request
88c42490 Identifier: UNDEF
88c42490 Authentic:  <7>z<164><149>`<139><17>RV-q<251><198><224><149><169>
88c42490 Attributes:
88c42490 	User-Name = "charchels"
88c42490 	ConvertedFromEAPMSCHAPV2 = 1
88c42490 	MS-CHAP2-Response = <1><0><254>y<19><145><174>T<178><150><127><204><140><162>Qs<148>s0<0><0><0><0><0><0><0>OG<245><153><181>Gt<232>w<231><9><176><160><169>t<211><175><254><231><243><220>~<143>K
88c42490 	MS-CHAP-Challenge = <136>^)L<176>1<1>3W%|<24>kV<165>4

88c42490 Fri Jul 25 07:06:13 2025 845437: DEBUG: Handling request with Handler '', Identifier ''
88c42490 Fri Jul 25 07:06:13 2025 845569: DEBUG: SessINTERNAL: Deleting session for charchels, 10.42.96.38, 
88c42490 Fri Jul 25 07:06:13 2025 845718: DEBUG: Handling with AuthSQL
88c42490 Fri Jul 25 07:06:13 2025 845808: DEBUG: Handling with Radius::AuthSQL: 
00000000 Fri Jul 25 07:06:13 2025 846058: DEBUG: Query to 'dbi:Pg:dbname=radius;host=10.42.4.5;port=5432 Connection id: 0-00000': 'SELECT password, (remaining_bytes >> 32) AS flux_max_high32, (remaining_bytes & 4294967295) AS flux_max_low32 FROM subscribers WHERE username = 'charchels' AND remaining_bytes > 0 AND status = 1 AND EXISTS (SELECT 1 FROM nas_session_mac_attrs AS n JOIN allowed_nas_mac_address AS a ON n.called_station_id = a.called_station_id WHERE n.username = subscribers.username)': 
88c42490 Fri Jul 25 07:06:13 2025 846929: DEBUG: Radius::AuthSQL looks for match with 'charchels' [charchels]
88c42490 Fri Jul 25 07:06:13 2025 847053: DEBUG: Radius::AuthSQL REJECT: No such user: 'charchels' [charchels]
00000000 Fri Jul 25 07:06:13 2025 847222: DEBUG: Query to 'dbi:Pg:dbname=radius;host=10.42.4.5;port=5432 Connection id: 0-00000': 'SELECT password, (remaining_bytes >> 32) AS flux_max_high32, (remaining_bytes & 4294967295) AS flux_max_low32 FROM subscribers WHERE username = 'DEFAULT' AND remaining_bytes > 0 AND status = 1 AND EXISTS (SELECT 1 FROM nas_session_mac_attrs AS n JOIN allowed_nas_mac_address AS a ON n.called_station_id = a.called_station_id WHERE n.username = subscribers.username)': 
88c42490 Fri Jul 25 07:06:13 2025 847905: DEBUG: AuthBy SQL result: REJECT, No such user
88c42490 Fri Jul 25 07:06:13 2025 848033: INFO: Access rejected for charchels: No such user
88c42490 Fri Jul 25 07:06:13 2025 848192: DEBUG: Converted EAP-MSCHAPV2 response Packet dump:
88c42490 Code:       Access-Reject
88c42490 Identifier: UNDEF
88c42490 Authentic:  <7>z<164><149>`<139><17>RV-q<251><198><224><149><169>
88c42490 Attributes:
88c42490 	Reply-Message = "Request Denied"

88c42490 Fri Jul 25 07:06:13 2025 848321: DEBUG: EAP Failure, elapsed time 0.027310
88c42490 Fri Jul 25 07:06:13 2025 848460: DEBUG: EAP result: 1, EAP-MSCHAPV2 converted to Radius MSCHAPV2 and redispatched to a Handler
88c42490 Fri Jul 25 07:06:13 2025 848560: DEBUG: AuthBy SQL result: REJECT, EAP-MSCHAPV2 converted to Radius MSCHAPV2 and redispatched to a Handler
88c42490 Fri Jul 25 07:06:13 2025 848668: INFO: Access rejected for anonymous: EAP-MSCHAPV2 converted to Radius MSCHAPV2 and redispatched to a Handler
88c42490 Fri Jul 25 07:06:13 2025 848831: DEBUG: Returned PEAP tunnelled packet dump:
88c42490 Code:       Access-Reject
88c42490 Identifier: UNDEF
88c42490 Authentic:  !<218>}<132>C`<216><213>T<14><197>XKe<158><8>
88c42490 Attributes:
88c42490 	EAP-Message = <4><9><0><4>
88c42490 	Message-Authenticator = <0><0><0><0><0><0><0><0><0><0><0><0><0><0><0><0>
88c42490 	Reply-Message = "Request Denied"

88c42490 Fri Jul 25 07:06:13 2025 849003: DEBUG: EAP result: 3, EAP PEAP inner authentication redispatched to a Handler
88c42490 Fri Jul 25 07:06:13 2025 849102: DEBUG: AuthBy SQL result: CHALLENGE, EAP PEAP inner authentication redispatched to a Handler
88c42490 Fri Jul 25 07:06:13 2025 849200: DEBUG: Access challenged for charchels: EAP PEAP inner authentication redispatched to a Handler
88c42490 Fri Jul 25 07:06:13 2025 849479: DEBUG: Packet dump:
88c42490 *** Sending to 10.42.96.38 port 53322 ....
88c42490 Code:       Access-Challenge
88c42490 Identifier: 26
88c42490 Authentic:  $H<214>XM-<184><202><183><134><31>R<172><217><228><202>
88c42490 Attributes:
88c42490 	EAP-Message = <1><10><0>.<25><0><23><3><3><0>#W<190><9><164>:<245>*<5><223>|<142>90<4><233>5z<235>@<4><187><23><3><26><160><<134><195><130>U7<11>'j<225>
88c42490 	Message-Authenticator = p6C<170><248>b<212><24><21><172><135> <23><221>/<240>

91c9aaa0 Fri Jul 25 07:06:13 2025 858060: DEBUG: Packet dump:
91c9aaa0 *** Received from 10.42.96.38 port 53322 ....
91c9aaa0 Code:       Access-Request
91c9aaa0 Identifier: 27
91c9aaa0 Authentic:  <130><182>n<170><187><180><247><13><6><142><20><188><14><165>}<15>
91c9aaa0 Attributes:
91c9aaa0 	User-Name = "charchels"
91c9aaa0 	NAS-Port-Id = "Dot11radio 2/0.2"
91c9aaa0 	NAS-Port-Type = Wireless-IEEE-802-11
91c9aaa0 	Framed-IP-Address = 0.0.0.0
91c9aaa0 	NAS-Port = 2
91c9aaa0 	Acct-Session-Id = "00749cd4a19e_000_0000000024_1753427172"
91c9aaa0 	Calling-Station-Id = "be75f405967a"
91c9aaa0 	Called-Station-Id = "00749cd4a19e:Zeep_Test_Radiator"
91c9aaa0 	Unknown-4881-4 = <0><0><0>3
91c9aaa0 	EAP-Message = <2><10><0>.<25><0><23><3><3><0>#<0><0><0><0><0><0><0><3><221><159><178><214><30><225><199>s<220><192><234><234>O<218><130>X<151><157>RR<169><222><222>s<165><188><238>
91c9aaa0 	Message-Authenticator = <205><202><196><239>p<19><233>p<140><190><226>v<138>~<168><8>
91c9aaa0 	Service-Type = Framed-User
91c9aaa0 	Framed-Routing = None
91c9aaa0 	Framed-IP-Netmask = 0.0.0.0
91c9aaa0 	Framed-Route = "0.0.0.0"
91c9aaa0 	Login-IP-Host = 0.0.0.0
91c9aaa0 	NAS-IP-Address = 10.42.96.38

91c9aaa0 Fri Jul 25 07:06:13 2025 858269: DEBUG: Handling request with Handler '', Identifier ''
91c9aaa0 Fri Jul 25 07:06:13 2025 858433: DEBUG: SessINTERNAL: Deleting session for charchels, 10.42.96.38, 2
91c9aaa0 Fri Jul 25 07:06:13 2025 869168: DEBUG: Handling with AuthSQL
91c9aaa0 Fri Jul 25 07:06:13 2025 869310: DEBUG: Handling with Radius::AuthSQL: 
91c9aaa0 Fri Jul 25 07:06:13 2025 869483: DEBUG: Handling with EAP: code 2, 10, 46, 25
91c9aaa0 Fri Jul 25 07:06:13 2025 869584: DEBUG: Response type 25
91c9aaa0 Fri Jul 25 07:06:13 2025 869750: DEBUG: EAP Failure, elapsed time 0.229822
91c9aaa0 Fri Jul 25 07:06:13 2025 869868: DEBUG: EAP result: 1, PEAP Authentication Failure
91c9aaa0 Fri Jul 25 07:06:13 2025 869962: DEBUG: AuthBy SQL result: REJECT, PEAP Authentication Failure
91c9aaa0 Fri Jul 25 07:06:13 2025 870083: INFO: Access rejected for charchels: PEAP Authentication Failure
91c9aaa0 Fri Jul 25 07:06:13 2025 870338: DEBUG: Packet dump:
91c9aaa0 *** Sending to 10.42.96.38 port 53322 ....
91c9aaa0 Code:       Access-Reject
91c9aaa0 Identifier: 27
91c9aaa0 Authentic:  <254>G<197><146><184><185>=8<234><247>G^<132><171><1><252>
91c9aaa0 Attributes:
91c9aaa0 	EAP-Message = <4><10><0><4>
91c9aaa0 	Message-Authenticator = `<154>i<238><143><1><211><29>ny<<218><223>g}<155>
91c9aaa0 	Reply-Message = "Request Denied"

5e241d20 Fri Jul 25 07:06:17 2025 258581: DEBUG: Packet dump:
5e241d20 *** Received from 10.42.96.38 port 53322 ....
5e241d20 Code:       Access-Request
5e241d20 Identifier: 28
5e241d20 Authentic:  <130><182>n<170><187><180><247><13><6><142><20><188><14><165>}<238>
5e241d20 Attributes:
5e241d20 	User-Name = "charchels"
5e241d20 	NAS-Port-Id = "Dot11radio 2/0.2"
5e241d20 	NAS-Port-Type = Wireless-IEEE-802-11
5e241d20 	Framed-IP-Address = 0.0.0.0
5e241d20 	NAS-Port = 2
5e241d20 	Acct-Session-Id = "00749cd4a19e_000_0000000025_1753427176"
5e241d20 	Calling-Station-Id = "be75f405967a"
5e241d20 	Called-Station-Id = "00749cd4a19e:Zeep_Test_Radiator"
5e241d20 	Unknown-4881-4 = <0><0><0>3
5e241d20 	EAP-Message = <2><1><0><14><1>charchels
5e241d20 	Message-Authenticator = 6:<222><16>=G<134><218><200><23><206><160><213><192><<212>
5e241d20 	Service-Type = Framed-User
5e241d20 	Framed-Routing = None
5e241d20 	Framed-IP-Netmask = 0.0.0.0
5e241d20 	Framed-Route = "0.0.0.0"
5e241d20 	Login-IP-Host = 0.0.0.0
5e241d20 	NAS-IP-Address = 10.42.96.38

5e241d20 Fri Jul 25 07:06:17 2025 259178: DEBUG: Handling request with Handler '', Identifier ''
5e241d20 Fri Jul 25 07:06:17 2025 259448: DEBUG: SessINTERNAL: Deleting session for charchels, 10.42.96.38, 2
5e241d20 Fri Jul 25 07:06:17 2025 272070: DEBUG: Handling with AuthSQL
5e241d20 Fri Jul 25 07:06:17 2025 272203: DEBUG: Handling with Radius::AuthSQL: 
5e241d20 Fri Jul 25 07:06:17 2025 272465: DEBUG: Handling with EAP: code 2, 1, 14, 1
5e241d20 Fri Jul 25 07:06:17 2025 272580: DEBUG: Response type 1
5e241d20 Fri Jul 25 07:06:17 2025 272861: DEBUG: EAP result: 3, EAP PEAP Challenge
5e241d20 Fri Jul 25 07:06:17 2025 272971: DEBUG: AuthBy SQL result: CHALLENGE, EAP PEAP Challenge
5e241d20 Fri Jul 25 07:06:17 2025 273086: DEBUG: Access challenged for charchels: EAP PEAP Challenge
5e241d20 Fri Jul 25 07:06:17 2025 273412: DEBUG: Packet dump:
5e241d20 *** Sending to 10.42.96.38 port 53322 ....
5e241d20 Code:       Access-Challenge
5e241d20 Identifier: 28
5e241d20 Authentic:  %7<196><248><156><231>0<255><243>f}<249>}<183><153>d
5e241d20 Attributes:
5e241d20 	EAP-Message = <1><2><0><6><25> 
5e241d20 	Message-Authenticator = =<22><191><135><189><242>G<244><224>-<228><135><135>n<0><255>

fe9e1be0 Fri Jul 25 07:06:17 2025 286494: DEBUG: Packet dump:
fe9e1be0 *** Received from 10.42.96.38 port 53322 ....
fe9e1be0 Code:       Access-Request
fe9e1be0 Identifier: 29
fe9e1be0 Authentic:  <130><182>n<170><187><180><247><13>><142><20><188><14><165>}<238>
fe9e1be0 Attributes:
fe9e1be0 	User-Name = "charchels"
fe9e1be0 	NAS-Port-Id = "Dot11radio 2/0.2"
fe9e1be0 	NAS-Port-Type = Wireless-IEEE-802-11
fe9e1be0 	Framed-IP-Address = 0.0.0.0
fe9e1be0 	NAS-Port = 2
fe9e1be0 	Acct-Session-Id = "00749cd4a19e_000_0000000025_1753427176"
fe9e1be0 	Calling-Station-Id = "be75f405967a"
fe9e1be0 	Called-Station-Id = "00749cd4a19e:Zeep_Test_Radiator"
fe9e1be0 	Unknown-4881-4 = <0><0><0>3
fe9e1be0 	EAP-Message = <2><2><0><141><25><128><0><0><0><131><22><3><1><0>~<1><0><0>z<3><3><15><168>U<153><15>a<216><11><228><153><252><226><26><227>S<228>"H<202><166>R<164>T8<204><30><165>sWz2<0><0><0><30><192>+<192>/<192>,<192>0<204><169><204><168><192><9><192><19><192><10><192><20><0><156><0><157><0>/<0>5<0><10><1><0><0>3<0><23><0><0><255><1><0><1><0><0><10><0><8><0><6><0><29><0><23><0><24><0><11><0><2><1><0><0><13><0><20><0><18><4><3><8><4><4><1><5><3><8><5><5><1><8><6><6><1><2><1>
fe9e1be0 	Message-Authenticator = <133>6<4><217><183><230>'<177><137>{<5><230><7>O<179><150>
fe9e1be0 	Service-Type = Framed-User
fe9e1be0 	Framed-Routing = None
fe9e1be0 	Framed-IP-Netmask = 0.0.0.0
fe9e1be0 	Framed-Route = "0.0.0.0"
fe9e1be0 	Login-IP-Host = 0.0.0.0
fe9e1be0 	NAS-IP-Address = 10.42.96.38

fe9e1be0 Fri Jul 25 07:06:17 2025 286745: DEBUG: Handling request with Handler '', Identifier ''
fe9e1be0 Fri Jul 25 07:06:17 2025 286914: DEBUG: SessINTERNAL: Deleting session for charchels, 10.42.96.38, 2
fe9e1be0 Fri Jul 25 07:06:17 2025 297401: DEBUG: Handling with AuthSQL
fe9e1be0 Fri Jul 25 07:06:17 2025 297524: DEBUG: Handling with Radius::AuthSQL: 
fe9e1be0 Fri Jul 25 07:06:17 2025 297706: DEBUG: Handling with EAP: code 2, 2, 141, 25
fe9e1be0 Fri Jul 25 07:06:17 2025 297807: DEBUG: Response type 25
fe9e1be0 Fri Jul 25 07:06:17 2025 299247: DEBUG: EAP TLS SSL_accept result: -1, 2, 26
fe9e1be0 Fri Jul 25 07:06:17 2025 299463: DEBUG: EAP result: 3, EAP PEAP Challenge
fe9e1be0 Fri Jul 25 07:06:17 2025 299572: DEBUG: AuthBy SQL result: CHALLENGE, EAP PEAP Challenge
fe9e1be0 Fri Jul 25 07:06:17 2025 299679: DEBUG: Access challenged for charchels: EAP PEAP Challenge
fe9e1be0 Fri Jul 25 07:06:17 2025 300231: DEBUG: Packet dump:
fe9e1be0 *** Sending to 10.42.96.38 port 53322 ....
fe9e1be0 Code:       Access-Challenge
fe9e1be0 Identifier: 29
fe9e1be0 Authentic:  <21>y<233><163>"<166>V@<0><214><244><190>B3<135><209>
fe9e1be0 Attributes:
fe9e1be0 	EAP-Message = <1><3><3><242><25><192><0><0><11><190><22><3><3><0>=<2><0><0>9<3><3><188><163><222>g<240><3>O<143><202><24><154><166><169><229><182>$<248><30><24>P<149><218>q<132><135><19>n<138><170><11>`<0><0><192>/<0><0><17><255><1><0><1><0><0><11><0><4><3><0><1><2><0><23><0><0><22><3><3><10>=<11><0><10>9<0><10>6<0><4><135>0<130><4><131>0<130><2>k<160><3><2><1><2><2><20>H<148>)<201><180>Qz<177>up<206><248><194>s_o<23>9<20><169>0<13><6><9>*<134>H<134><247><13><1><1><11><5><0>0b1<11>0<9><6><3>U<4><6><19><2>PH1<21>0<19><6><3>U<4><8><12><12>Metro Manila1<15>0<13><6><3>U<4><7><12><6>Manila1<17>0<15><6><3>U<4><10><12><8>ZeepWifi1<24>0<22><6><3>U<4><3><12><15>radiator.server0<30><23><13>25051405
fe9e1be0 	EAP-Message = 5507Z<23><13>270817055507Z0c1<11>0<9><6><3>U<4><6><19><2>PH1<21>0<19><6><3>U<4><8><12><12>Metro Manila1<15>0<13><6><3>U<4><7><12><6>Manila1<17>0<15><6><3>U<4><10><12><8>ZeepWifi1<25>0<23><6><3>U<4><3><12><16>radiator.example0<130><1>"0<13><6><9>*<134>H<134><247><13><1><1><1><5><0><3><130><1><15><0>0<130><1><10><2><130><1><1><0><185>4<8>=<212><143>l<22><175><132>/<2>h<157>N<154><210><31>g<6>+sk<246><6>`<241><214><186><235>_<199><180>E<134><233><22><173><198>v<207> <225><150><128>!P<159><187>vuv\*<234><204><171>B<153>v<253><253>z4<254><220><28><166><176><131><224><200><187><176><16><137><128><229><177>n<130>B&<147><248>T_PJ9-<243><248><175><29><243><219><211>U
fe9e1be0 	EAP-Message = <166><163><197><12><218><199><172>y<211><251><161>p<172><153>N<11>(!2<27><180><246><160><19><7>;L]<16><167><255><17><190>zx:<221><217>l<193>DI<22><2>6P<231><224><146>jf<6><169>[<179><159><31>E<129>v<233><154><233><10>8xgb<168>Q<246>q<18><166><216><202><139>r1<160><203><193><254><193><254>#<129><241><239>eT<6><152><176><29>'<13>!*R<156><172><22><195>&<244>T<17><150><240><182><249><15><230>U<15><140>fU<230><212>:~<237><177>B<148><235><165><207><211><174><17><138><243> <227>q<2><241>n\<210>w<8><225><13>0]<221><212><168><178><227>A<161><151><2><3><1><0><1><163>00.0,<6><3>U<29><17><4>%0#<130><15>radiator.server<130><16>radiator.example0<13><6><9>*<134>H<134><247><13><1><1><11><5><0><3><130><2><1><0>JME<174>X<234><153><20><152><154>'<216><17><196><181><177>b<225><214><239><240>
fe9e1be0 	EAP-Message = <152><166>G<7><232><15><196>-<<139>b<156><140><137><194><221><144><203><1><149><129><11><204><228><181><238>#i<180>kF<144><3><15><1><219>0<135><242><21><153><11><170><2>_?<22><138><197>MU<254>1<178><233><5><188><210>pJ=<211>lok5<135>;<205><5><239>|<139>'<156>7<170><150>'<221><189><23>G<216><147><253><225><7><138>b<0>5<136>0<249>f<178>k<141><216><239><167><212><26><138><181><30>2<150>5<175>nA<216><0><194><223><246>}'p<198>Q<236>?<218><194><2><29>5<133><3><171><159><249><131><175><0>B<130>&Z<205>W<131>=<147><204>=_<23>8<22><161>=G)<253><222>0<23><16>NS<248><212>7<193>5i<f:[<127><138>y8<130><135>w<188>[<172><250>h2<232>+`Q<29><14>u<12><210>=<243> <21>z{A<140>8<128>,<223><0><182>4<173>a<155>k*<164>tG<179>B<168>F<2><140>s<16><20><138><132><221>b<219>u<179>U<152>[B<231><176><200><19><254>_<154><146>SA<211><143>
fe9e1be0 	Message-Authenticator = <4>?<1><171><173><26><234><168><151>g<11><231>~8<223>x

6da88e40 Fri Jul 25 07:06:17 2025 310091: DEBUG: Packet dump:
6da88e40 *** Received from 10.42.96.38 port 53322 ....
6da88e40 Code:       Access-Request
6da88e40 Identifier: 30
6da88e40 Authentic:  <130><182><224><170><187><180><247><13>><142><20><188><14><165>}<238>
6da88e40 Attributes:
6da88e40 	User-Name = "charchels"
6da88e40 	NAS-Port-Id = "Dot11radio 2/0.2"
6da88e40 	NAS-Port-Type = Wireless-IEEE-802-11
6da88e40 	Framed-IP-Address = 0.0.0.0
6da88e40 	NAS-Port = 2
6da88e40 	Acct-Session-Id = "00749cd4a19e_000_0000000025_1753427176"
6da88e40 	Calling-Station-Id = "be75f405967a"
6da88e40 	Called-Station-Id = "00749cd4a19e:Zeep_Test_Radiator"
6da88e40 	Unknown-4881-4 = <0><0><0>3
6da88e40 	EAP-Message = <2><3><0><6><25><0>
6da88e40 	Message-Authenticator = <198>bB<228>`<248><199>R<192><220>+<200>eL<230><248>
6da88e40 	Service-Type = Framed-User
6da88e40 	Framed-Routing = None
6da88e40 	Framed-IP-Netmask = 0.0.0.0
6da88e40 	Framed-Route = "0.0.0.0"
6da88e40 	Login-IP-Host = 0.0.0.0
6da88e40 	NAS-IP-Address = 10.42.96.38

6da88e40 Fri Jul 25 07:06:17 2025 310291: DEBUG: Handling request with Handler '', Identifier ''
6da88e40 Fri Jul 25 07:06:17 2025 310461: DEBUG: SessINTERNAL: Deleting session for charchels, 10.42.96.38, 2
6da88e40 Fri Jul 25 07:06:17 2025 320971: DEBUG: Handling with AuthSQL
6da88e40 Fri Jul 25 07:06:17 2025 321091: DEBUG: Handling with Radius::AuthSQL: 
6da88e40 Fri Jul 25 07:06:17 2025 321262: DEBUG: Handling with EAP: code 2, 3, 6, 25
6da88e40 Fri Jul 25 07:06:17 2025 321377: DEBUG: Response type 25
6da88e40 Fri Jul 25 07:06:17 2025 321541: DEBUG: EAP result: 3, EAP PEAP Challenge
6da88e40 Fri Jul 25 07:06:17 2025 321645: DEBUG: AuthBy SQL result: CHALLENGE, EAP PEAP Challenge
6da88e40 Fri Jul 25 07:06:17 2025 321745: DEBUG: Access challenged for charchels: EAP PEAP Challenge
6da88e40 Fri Jul 25 07:06:17 2025 322287: DEBUG: Packet dump:
6da88e40 *** Sending to 10.42.96.38 port 53322 ....
6da88e40 Code:       Access-Challenge
6da88e40 Identifier: 30
6da88e40 Authentic:  <226><192><157><169><30>^<157>V<159><207><150><5><18><200><131><184>
6da88e40 Attributes:
6da88e40 	EAP-Message = <1><4><3><238><25>@<218><224><155><169><151>`o<237><194><6><13>]K<161><143><224><22><164><26><175>~Gf<128><150><251><198><229><192><205><203>@RA<187><222><6><144><1>_<177><7><127><177><240><12>MF<212>;l<19><239><128><218><189><241><155><230><7>_<217><170>P.<241>t<234>%<147><190><135><8><253>kq<181><194><226><160>I=<196>^0<24><19>Z<187>*Q<185>k<14><7><195>(<2><19><204><130>P<138><127>`<31>"<0>i<21><162>dz<155>)<209><135><193><13>Se<251><184>J<186><161><238>C<31><224>2~<245><158><232>4U<144><183><250>k<148><228><28><12>sZ<10><133><166>s<137>;<131><202>y<189><170><213>h<13><222><22><5>grY7<227><148><242>i0<7><7>I<232><30><239>g<191>|R<247><161><169><27><160>Q<132><205>><27>mq<31><179>F<20><10><6>0Yo}j<152><201><21><149>y<221><10><162>B<218><148><153><134><152><13>|<209><162>r7<228>1<242><154><172><241>K<26><15>]<206><155><181><242><0><5><169>0<130><5><165>
6da88e40 	EAP-Message = 0<130><3><141><160><3><2><1><2><2><20><7><251>Zc<208><200><200><137><150><223>CG<142><180>y<216>Cg>40<13><6><9>*<134>H<134><247><13><1><1><11><5><0>0b1<11>0<9><6><3>U<4><6><19><2>PH1<21>0<19><6><3>U<4><8><12><12>Metro Manila1<15>0<13><6><3>U<4><7><12><6>Manila1<17>0<15><6><3>U<4><10><12><8>ZeepWifi1<24>0<22><6><3>U<4><3><12><15>radiator.server0<30><23><13>250514055313Z<23><13>350512055313Z0b1<11>0<9><6><3>U<4><6><19><2>PH1<21>0<19><6><3>U<4><8><12><12>Metro Manila1<15>0<13><6><3>U<4><7><12><6>Manila1<17>0<15><6><3>U<4><10><12><8>ZeepWifi1
6da88e40 	EAP-Message = <24>0<22><6><3>U<4><3><12><15>radiator.server0<130><2>"0<13><6><9>*<134>H<134><247><13><1><1><1><5><0><3><130><2><15><0>0<130><2><10><2><130><2><1><0><196><200><134><237>U<159>6<203>T<232><230><173>=<16><253>@<163>e<177><170><153>Z<4><206>&l<8>kiYm\<146><144>,ho<167><225>NKNC<133><186><157><25>Rk<238><131>c<255>0<186><222><0><1><138><190><137><198>'<5>8<160>0<252><219><253><15><243><246><127><196><238>3<127><213><227><196>d[<188>q<239><224><189><22><212>CDmp<202>W'<181><219>0I<213>0'<244><236><187><130><206><146>g<128>t&%<10>`<202><180><219><224><30>D<22><253>C<0><143><232>e<195><212><156><229><4>ts<240><255><247><180><249><208>c<236>"y<19><229><171>n<232><210><229>]<236><203><15>Ur<202><226><237><216><218><213><146><206><142><243>/QF<3><209><166><127><215><209><25><248>af^`k<252><191><8>?<221>[<161>;<195>
6da88e40 	EAP-Message = <217>A<244><18><226>)<133><139><182>V<224><204><228>2<163>V<192>.'<130>?<135><201>/u<186><202><5><1><216><4> <183><216><13><170>5<12>Q*H<241><239><8>vR<132><14>L><164>C<189><128>b<208><137>|<240>[B<215><6>c<148>?<146>K<29><159><255><168><212><23><138><174>,<14><127>~<189>`<199><192><249><26><132><227>Y<254><210><195><28><144><249><159><202><16><225><205><224>R<149>T<218><209>Y<159>3<220><142>2<142><24>.<162><159><225><191>Ll&<0><12><243><215><202><248>ys<222><246>R<188>Q<187>I!<31><209><128><130><219>x<241><151><235><203><170><185><13>e<243><235>2(<201>2<165>WB<1><215><210><134><226><221><170>+<162><163>g<237>s<144><147><31><155><234><7><180><135><246>1Ema<213>"<8>A<151><156>M<247>9<188><27><30>x<11><133>i<245><17>A<220><198><218>T<24>1J<195>OV<230>N<127>g<222><0><31>P<174>m<255><245><224>m<205><212>%<22><30>D<30>}%<229><138><27>D<222><168><30><183>
6da88e40 	Message-Authenticator = <255><215><192><3>G<20>2<216><174>|<215><9><139><157>\<209>

49df0ac0 Fri Jul 25 07:06:17 2025 334372: DEBUG: Packet dump:
49df0ac0 *** Received from 10.42.96.38 port 53322 ....
49df0ac0 Code:       Access-Request
49df0ac0 Identifier: 31
49df0ac0 Authentic:  <130><182><224><170><187><180><247><132>><142><20><188><14><165>}<238>
49df0ac0 Attributes:
49df0ac0 	User-Name = "charchels"
49df0ac0 	NAS-Port-Id = "Dot11radio 2/0.2"
49df0ac0 	NAS-Port-Type = Wireless-IEEE-802-11
49df0ac0 	Framed-IP-Address = 0.0.0.0
49df0ac0 	NAS-Port = 2
49df0ac0 	Acct-Session-Id = "00749cd4a19e_000_0000000025_1753427176"
49df0ac0 	Calling-Station-Id = "be75f405967a"
49df0ac0 	Called-Station-Id = "00749cd4a19e:Zeep_Test_Radiator"
49df0ac0 	Unknown-4881-4 = <0><0><0>3
49df0ac0 	EAP-Message = <2><4><0><6><25><0>
49df0ac0 	Message-Authenticator = r<177>=<232><244><238>cm<22><19><23><147><161><136>D<254>
49df0ac0 	Service-Type = Framed-User
49df0ac0 	Framed-Routing = None
49df0ac0 	Framed-IP-Netmask = 0.0.0.0
49df0ac0 	Framed-Route = "0.0.0.0"
49df0ac0 	Login-IP-Host = 0.0.0.0
49df0ac0 	NAS-IP-Address = 10.42.96.38

49df0ac0 Fri Jul 25 07:06:17 2025 334560: DEBUG: Handling request with Handler '', Identifier ''
49df0ac0 Fri Jul 25 07:06:17 2025 334711: DEBUG: SessINTERNAL: Deleting session for charchels, 10.42.96.38, 2
49df0ac0 Fri Jul 25 07:06:17 2025 344454: DEBUG: Handling with AuthSQL
49df0ac0 Fri Jul 25 07:06:17 2025 344572: DEBUG: Handling with Radius::AuthSQL: 
49df0ac0 Fri Jul 25 07:06:17 2025 344734: DEBUG: Handling with EAP: code 2, 4, 6, 25
49df0ac0 Fri Jul 25 07:06:17 2025 344832: DEBUG: Response type 25
49df0ac0 Fri Jul 25 07:06:17 2025 344973: DEBUG: EAP result: 3, EAP PEAP Challenge
49df0ac0 Fri Jul 25 07:06:17 2025 345071: DEBUG: AuthBy SQL result: CHALLENGE, EAP PEAP Challenge
49df0ac0 Fri Jul 25 07:06:17 2025 345171: DEBUG: Access challenged for charchels: EAP PEAP Challenge
49df0ac0 Fri Jul 25 07:06:17 2025 345752: DEBUG: Packet dump:
49df0ac0 *** Sending to 10.42.96.38 port 53322 ....
49df0ac0 Code:       Access-Challenge
49df0ac0 Identifier: 31
49df0ac0 Authentic:  Y<15><3><131><145>d<134>E<226><235><215><232><144><152>4,
49df0ac0 Attributes:
49df0ac0 	EAP-Message = <1><5><3><238><25>@r<226><151>$<162><158>v<170>'<28><154><228>><182><182>E<197>acq<153>uH<26>K<239><194><197>qm<186><11><13><252><215><1>q<254><21><163><209>p<208><164><136><192><177><182><173><3><190><145>oNL@W<197>o<140>d<252>`<206>:?<25>G5m<2><3><1><0><1><163>S0Q0<29><6><3>U<29><14><4><22><4><20><7><12><193><151><201><227>?<228>/i<197>+2<26>A<223><224><6>3!0<31><6><3>U<29>#<4><24>0<22><128><20><7><12><193><151><201><227>?<228>/i<197>+2<26>A<223><224><6>3!0<15><6><3>U<29><19><1><1><255><4><5>0<3><1><1><255>0<13><6><9>*<134>H<134><247><13><1><1><11><5><0><3><130><2><1><0><173>$m<142><252><227>C<135><153>0}=B<12>/<215><163>7<170><17><22><234><31>v<139><181><3><206><174><248><203>DOks<169>9<143>)<27>P<131><15><134>':<179><145><212><31><221><11><31><12><189>0<21><218><248><27><176><251>^r<4>y<204>
49df0ac0 	EAP-Message = <160><202>F<149>n<27><214>2jC<5><254><16><136><128><177>s<2>F7<213><22><134>i<147>I<169><186><189><144>,+<190><152><152>'<209><6>9<154><189>L!<139>k<222><219><15><136><4><127>?R<208><231><202>w<3><193><232><159><230><208>$:<18>S<229><148>s<22><21><251>d<205>^<138><170>o<26><22><190><12><153><146>G<191>=<3>2<128>p<10><127><21><180>%<224><182><213><0>c%lV<219><226>4<250>SXm<166><9><250><210><177><180><153><249><204>TI<237><161><206>\<173><131>T?<151><218>}E<156><23><240><#<240><161>.<161><16>(<191>jq~&<182><235>I<233>s_<15><199><248><140><195><212><138><230><171>}<232><250><188><189><142>J<246><203><140>(;W<227><<13><26><153>z<128><240>_g<193><227>r<149><173>&o3<169><219>]9@<132><27><134><252>+M<18><245>C\<167><155><127><249><236><0>n<21>17y/<31>$u=<134><236><196><196><234><24><22><251><1><138><147><193><171>H<228><183>[<26><229><247><242><16>1<220><19>
49df0ac0 	EAP-Message = <6><146>9F<158><174><129><137><168>;<147>y<141>`G<21>Yh<196><148><223>V<207><178>Ly<193>MZ<16><201><31><185><195><220>2v[Q<140>h<ic<129><166><23><160><216><231><244><151><10><217><254><20><190><210>-<31>Ij<192>T<217><250><197>'<249><187><224><134><207>j<8>4<221><192><21>*<148><249><214>xG<173><26><168><180><29><247>?Y<25><129>~<146><234>*<24><222>4<221>G<240>6!<243><3><182>T3<2><194>r(<146><164>g<137>u<253>y<26><214>H<27><10><236><190><130><144>T<184>m<176><150><168><167><204><200><213>Qf<226>9r<152>8Aw<163><214>y7<169>|<201>w<31><246><239><188>jQ(z<165>C<255>{<140><135><205><200><176><176>P<252><177>cB<239><226><169><172><165><156><143><198>9<204><22><3><3><1>,<12><0><1>(<3><0><29> <247>D<244><<164>g<238><183><237><231>WH<25>l_t<253>q<145><240><17>F<241>j<162><157><170><154>Ib<206><19><8><4><1><0>#<244>&<141><184><204><240><148><232><6><202><207>
49df0ac0 	EAP-Message = <190><197><21><28><200><3><158><235><223><172><23>F<G<254>R<185><233>'/<241>><204><235>'k<162><2><183><182><184><177><213>>~|<l*<149><150>t&1g<18>H<186><165><186><149><162>Y\q<207><157>Wp<2><30><10><238>Z<183><173><11><139><18><175><147><250><153><156><191>e<245>E<239><156>4<210>~<209>'<171><198><232>P<195>g`Z<225><152><212>#<193>Z<142>p<198><210><253><196><28><3><235><189><203><161>x<127><28><253><22><211>V<246>#<194>7<8><171><2><255><238><238>n<172>^<174>#<155>9"<129>4<168>8<252><229>%<161>l<237>~<6><168>]<216>><205><245><169>Xu<179><149> i<184><157><4>|<176><208><28><138><232>8x<159><254>d<242><0>C_K<242><18>.<24><194>U<210>V<226>"J-<202><182>zi<203>=<151><10><206><243><153><213><24><252>s<145><141><7><236>#<172>!<199>D<162><201><224>0<230>q<28><157>FwL<201>|=<218><160>U<146>?<217><12><247><130><166><204><207>t<27><22><3><3>
49df0ac0 	Message-Authenticator = (<133><236><252><9><232>,<4><7>h<140>P%<166>gk

f8fe3620 Fri Jul 25 07:06:17 2025 357563: DEBUG: Packet dump:
f8fe3620 *** Received from 10.42.96.38 port 53322 ....
f8fe3620 Code:       Access-Request
f8fe3620 Identifier: 32
f8fe3620 Authentic:  <130><182><224><170><187><185><247><132>><142><20><188><14><165>}<238>
f8fe3620 Attributes:
f8fe3620 	User-Name = "charchels"
f8fe3620 	NAS-Port-Id = "Dot11radio 2/0.2"
f8fe3620 	NAS-Port-Type = Wireless-IEEE-802-11
f8fe3620 	Framed-IP-Address = 0.0.0.0
f8fe3620 	NAS-Port = 2
f8fe3620 	Acct-Session-Id = "00749cd4a19e_000_0000000025_1753427176"
f8fe3620 	Calling-Station-Id = "be75f405967a"
f8fe3620 	Called-Station-Id = "00749cd4a19e:Zeep_Test_Radiator"
f8fe3620 	Unknown-4881-4 = <0><0><0>3
f8fe3620 	EAP-Message = <2><5><0><6><25><0>
f8fe3620 	Message-Authenticator = j<31><140>&'z<13>Jr\=<217><223><31><31><249>
f8fe3620 	Service-Type = Framed-User
f8fe3620 	Framed-Routing = None
f8fe3620 	Framed-IP-Netmask = 0.0.0.0
f8fe3620 	Framed-Route = "0.0.0.0"
f8fe3620 	Login-IP-Host = 0.0.0.0
f8fe3620 	NAS-IP-Address = 10.42.96.38

f8fe3620 Fri Jul 25 07:06:17 2025 357797: DEBUG: Handling request with Handler '', Identifier ''
f8fe3620 Fri Jul 25 07:06:17 2025 357964: DEBUG: SessINTERNAL: Deleting session for charchels, 10.42.96.38, 2
f8fe3620 Fri Jul 25 07:06:17 2025 368366: DEBUG: Handling with AuthSQL
f8fe3620 Fri Jul 25 07:06:17 2025 368491: DEBUG: Handling with Radius::AuthSQL: 
f8fe3620 Fri Jul 25 07:06:17 2025 368667: DEBUG: Handling with EAP: code 2, 5, 6, 25
f8fe3620 Fri Jul 25 07:06:17 2025 368767: DEBUG: Response type 25
f8fe3620 Fri Jul 25 07:06:17 2025 368911: DEBUG: EAP result: 3, EAP PEAP Challenge
f8fe3620 Fri Jul 25 07:06:17 2025 369009: DEBUG: AuthBy SQL result: CHALLENGE, EAP PEAP Challenge
f8fe3620 Fri Jul 25 07:06:17 2025 369110: DEBUG: Access challenged for charchels: EAP PEAP Challenge
f8fe3620 Fri Jul 25 07:06:17 2025 369361: DEBUG: Packet dump:
f8fe3620 *** Sending to 10.42.96.38 port 53322 ....
f8fe3620 Code:       Access-Challenge
f8fe3620 Identifier: 32
f8fe3620 Authentic:  P"l<169><158><159>$<130><255><0>~d<254><<8><236>
f8fe3620 Attributes:
f8fe3620 	EAP-Message = <1><6><0><12><25><0><0><4><14><0><0><0>
f8fe3620 	Message-Authenticator = <16>U<220><244>6<220>M2<247><0><24><151><220><5><<132>

122f0d90 Fri Jul 25 07:06:17 2025 392804: DEBUG: Packet dump:
122f0d90 *** Received from 10.42.96.38 port 53322 ....
122f0d90 Code:       Access-Request
122f0d90 Identifier: 33
122f0d90 Authentic:  <130><182><224><170><187><185><247><132>><142><20><188><14>"}<238>
122f0d90 Attributes:
122f0d90 	User-Name = "charchels"
122f0d90 	NAS-Port-Id = "Dot11radio 2/0.2"
122f0d90 	NAS-Port-Type = Wireless-IEEE-802-11
122f0d90 	Framed-IP-Address = 0.0.0.0
122f0d90 	NAS-Port = 2
122f0d90 	Acct-Session-Id = "00749cd4a19e_000_0000000025_1753427176"
122f0d90 	Calling-Station-Id = "be75f405967a"
122f0d90 	Called-Station-Id = "00749cd4a19e:Zeep_Test_Radiator"
122f0d90 	Unknown-4881-4 = <0><0><0>3
122f0d90 	EAP-Message = <2><6><0>g<25><128><0><0><0>]<22><3><3><0>%<16><0><0>! <197><231>r_6R<240>"<187><5>%o<11><255>N<31><245><127><253><234><29>KC<235><24>U<190>c<17><224>rX<20><3><3><0><1><1><22><3><3><0>(<0><0><0><0><0><0><0><0><250>x<248><250><239>s<128><204><198><158>\{<31><15>BK`(<2>)y<183><29><251><24>o<134><210>D<184><223><232>
122f0d90 	Message-Authenticator = |<202>5<213><13>4<233><222>&<180>"r<12><217>n<233>
122f0d90 	Service-Type = Framed-User
122f0d90 	Framed-Routing = None
122f0d90 	Framed-IP-Netmask = 0.0.0.0
122f0d90 	Framed-Route = "0.0.0.0"
122f0d90 	Login-IP-Host = 0.0.0.0
122f0d90 	NAS-IP-Address = 10.42.96.38

122f0d90 Fri Jul 25 07:06:17 2025 393031: DEBUG: Handling request with Handler '', Identifier ''
122f0d90 Fri Jul 25 07:06:17 2025 393193: DEBUG: SessINTERNAL: Deleting session for charchels, 10.42.96.38, 2
122f0d90 Fri Jul 25 07:06:17 2025 404191: DEBUG: Handling with AuthSQL
122f0d90 Fri Jul 25 07:06:17 2025 404315: DEBUG: Handling with Radius::AuthSQL: 
122f0d90 Fri Jul 25 07:06:17 2025 404527: DEBUG: Handling with EAP: code 2, 6, 103, 25
122f0d90 Fri Jul 25 07:06:17 2025 404628: DEBUG: Response type 25
122f0d90 Fri Jul 25 07:06:17 2025 404902: DEBUG: EAP TLS SSL_accept result: 1, 0, 1
122f0d90 Fri Jul 25 07:06:17 2025 405065: DEBUG: EAP PEAP TLS Session accepted: TLSv1.2 ECDHE-RSA-AES128-GCM-SHA256
122f0d90 Fri Jul 25 07:06:17 2025 405230: DEBUG: EAP result: 3, EAP PEAP Challenge
122f0d90 Fri Jul 25 07:06:17 2025 405330: DEBUG: AuthBy SQL result: CHALLENGE, EAP PEAP Challenge
122f0d90 Fri Jul 25 07:06:17 2025 405462: DEBUG: Access challenged for charchels: EAP PEAP Challenge
122f0d90 Fri Jul 25 07:06:17 2025 405765: DEBUG: Packet dump:
122f0d90 *** Sending to 10.42.96.38 port 53322 ....
122f0d90 Code:       Access-Challenge
122f0d90 Identifier: 33
122f0d90 Authentic:  <199><167>E<207>*<131>p<206><191><129>;<25><160>{<196>L
122f0d90 Attributes:
122f0d90 	EAP-Message = <1><7><0>=<25><128><0><0><0>3<20><3><3><0><1><1><22><3><3><0>(<252><236><29>W)<145><128><240><200><211>m<173>*<215><24>U<217>)<179><136><143>hl<215>o3<249><132><150><156><128>r<236>9<155><218><160><132> <208>
122f0d90 	Message-Authenticator = <215>p<225><155>6a<200><8><197><184><232><242><218>(l<191>

d462b040 Fri Jul 25 07:06:17 2025 416858: DEBUG: Packet dump:
d462b040 *** Received from 10.42.96.38 port 53322 ....
d462b040 Code:       Access-Request
d462b040 Identifier: 34
d462b040 Authentic:  <130><182><224><170><187><185><247><132>><142><20><188><14>"}<173>
d462b040 Attributes:
d462b040 	User-Name = "charchels"
d462b040 	NAS-Port-Id = "Dot11radio 2/0.2"
d462b040 	NAS-Port-Type = Wireless-IEEE-802-11
d462b040 	Framed-IP-Address = 0.0.0.0
d462b040 	NAS-Port = 2
d462b040 	Acct-Session-Id = "00749cd4a19e_000_0000000025_1753427176"
d462b040 	Calling-Station-Id = "be75f405967a"
d462b040 	Called-Station-Id = "00749cd4a19e:Zeep_Test_Radiator"
d462b040 	Unknown-4881-4 = <0><0><0>3
d462b040 	EAP-Message = <2><7><0><6><25><0>
d462b040 	Message-Authenticator = <250>=<187><192><30><235>(<129>M}M<127><219><153><145>V
d462b040 	Service-Type = Framed-User
d462b040 	Framed-Routing = None
d462b040 	Framed-IP-Netmask = 0.0.0.0
d462b040 	Framed-Route = "0.0.0.0"
d462b040 	Login-IP-Host = 0.0.0.0
d462b040 	NAS-IP-Address = 10.42.96.38

d462b040 Fri Jul 25 07:06:17 2025 417115: DEBUG: Handling request with Handler '', Identifier ''
d462b040 Fri Jul 25 07:06:17 2025 417274: DEBUG: SessINTERNAL: Deleting session for charchels, 10.42.96.38, 2
d462b040 Fri Jul 25 07:06:17 2025 427779: DEBUG: Handling with AuthSQL
d462b040 Fri Jul 25 07:06:17 2025 427900: DEBUG: Handling with Radius::AuthSQL: 
d462b040 Fri Jul 25 07:06:17 2025 428087: DEBUG: Handling with EAP: code 2, 7, 6, 25
d462b040 Fri Jul 25 07:06:17 2025 428188: DEBUG: Response type 25
d462b040 Fri Jul 25 07:06:17 2025 428369: DEBUG: EAP result: 3, EAP PEAP Challenge
d462b040 Fri Jul 25 07:06:17 2025 428471: DEBUG: AuthBy SQL result: CHALLENGE, EAP PEAP Challenge
d462b040 Fri Jul 25 07:06:17 2025 428574: DEBUG: Access challenged for charchels: EAP PEAP Challenge
d462b040 Fri Jul 25 07:06:17 2025 428823: DEBUG: Packet dump:
d462b040 *** Sending to 10.42.96.38 port 53322 ....
d462b040 Code:       Access-Challenge
d462b040 Identifier: 34
d462b040 Authentic:  <129><168><2>O<227><161><17>p<196><208><30><189><155>l<245>q
d462b040 Attributes:
d462b040 	EAP-Message = <1><8><0>$<25><0><23><3><3><0><25><252><236><29>W)<145><128><241>p<228><130><210>r<20><139>W<225><237><220>/<177>Us<140><199>
d462b040 	Message-Authenticator = <29>)<212><171>K<201><20><230><166> <143>p<31>*-<169>

8bcbfdd0 Fri Jul 25 07:06:17 2025 438866: DEBUG: Packet dump:
8bcbfdd0 *** Received from 10.42.96.38 port 53322 ....
8bcbfdd0 Code:       Access-Request
8bcbfdd0 Identifier: 35
8bcbfdd0 Authentic:  <130><182><224><170><187><185><247><132>><142><20><188><14>"}<220>
8bcbfdd0 Attributes:
8bcbfdd0 	User-Name = "charchels"
8bcbfdd0 	NAS-Port-Id = "Dot11radio 2/0.2"
8bcbfdd0 	NAS-Port-Type = Wireless-IEEE-802-11
8bcbfdd0 	Framed-IP-Address = 0.0.0.0
8bcbfdd0 	NAS-Port = 2
8bcbfdd0 	Acct-Session-Id = "00749cd4a19e_000_0000000025_1753427176"
8bcbfdd0 	Calling-Station-Id = "be75f405967a"
8bcbfdd0 	Called-Station-Id = "00749cd4a19e:Zeep_Test_Radiator"
8bcbfdd0 	Unknown-4881-4 = <0><0><0>3
8bcbfdd0 	EAP-Message = <2><8><0>-<25><0><23><3><3><0>"<0><0><0><0><0><0><0><1><222><246><211>7H-5<201>l<239>-R<143><6><253><198><23><175>t<219>0<199>5^<15><19>
8bcbfdd0 	Message-Authenticator = <211><17><210><189><12>W<245>|f!<4>8{<218><145><233>
8bcbfdd0 	Service-Type = Framed-User
8bcbfdd0 	Framed-Routing = None
8bcbfdd0 	Framed-IP-Netmask = 0.0.0.0
8bcbfdd0 	Framed-Route = "0.0.0.0"
8bcbfdd0 	Login-IP-Host = 0.0.0.0
8bcbfdd0 	NAS-IP-Address = 10.42.96.38

8bcbfdd0 Fri Jul 25 07:06:17 2025 439130: DEBUG: Handling request with Handler '', Identifier ''
8bcbfdd0 Fri Jul 25 07:06:17 2025 439286: DEBUG: SessINTERNAL: Deleting session for charchels, 10.42.96.38, 2
8bcbfdd0 Fri Jul 25 07:06:17 2025 449872: DEBUG: Handling with AuthSQL
8bcbfdd0 Fri Jul 25 07:06:17 2025 449989: DEBUG: Handling with Radius::AuthSQL: 
8bcbfdd0 Fri Jul 25 07:06:17 2025 450153: DEBUG: Handling with EAP: code 2, 8, 45, 25
8bcbfdd0 Fri Jul 25 07:06:17 2025 450251: DEBUG: Response type 25
8bcbfdd0 Fri Jul 25 07:06:17 2025 450460: DEBUG: EAP PEAP inner authentication request for anonymous
8bcbfdd0 Fri Jul 25 07:06:17 2025 450604: DEBUG: PEAP Tunnelled request Packet dump:
8bcbfdd0 Code:       Access-Request
8bcbfdd0 Identifier: UNDEF
8bcbfdd0 Authentic:  q7T<25><214><228>Y<223>3<154>3fQ<247><133><7>
8bcbfdd0 Attributes:
8bcbfdd0 	EAP-Message = <2><8><0><14><1>charchels
8bcbfdd0 	Message-Authenticator = <0><0><0><0><0><0><0><0><0><0><0><0><0><0><0><0>
8bcbfdd0 	NAS-IP-Address = 10.42.96.38
8bcbfdd0 	NAS-Port = 2
8bcbfdd0 	Calling-Station-Id = "be75f405967a"
8bcbfdd0 	User-Name = "anonymous"

8bcbfdd0 Fri Jul 25 07:06:17 2025 450726: DEBUG: Handling request with Handler 'TunnelledByPEAP=1', Identifier ''
8bcbfdd0 Fri Jul 25 07:06:17 2025 450856: DEBUG: SessINTERNAL: Deleting session for anonymous, 10.42.96.38, 2
8bcbfdd0 Fri Jul 25 07:06:17 2025 450962: DEBUG: Handling with AuthSQL
8bcbfdd0 Fri Jul 25 07:06:17 2025 451082: DEBUG: Handling with Radius::AuthSQL: 
8bcbfdd0 Fri Jul 25 07:06:17 2025 451241: DEBUG: Handling with EAP: code 2, 8, 14, 1
8bcbfdd0 Fri Jul 25 07:06:17 2025 451334: DEBUG: Response type 1
8bcbfdd0 Fri Jul 25 07:06:17 2025 451500: DEBUG: EAP result: 3, EAP MSCHAP-V2 Challenge
8bcbfdd0 Fri Jul 25 07:06:17 2025 451595: DEBUG: AuthBy SQL result: CHALLENGE, EAP MSCHAP-V2 Challenge
8bcbfdd0 Fri Jul 25 07:06:17 2025 451699: DEBUG: Access challenged for anonymous: EAP MSCHAP-V2 Challenge
8bcbfdd0 Fri Jul 25 07:06:17 2025 451861: DEBUG: Returned PEAP tunnelled packet dump:
8bcbfdd0 Code:       Access-Challenge
8bcbfdd0 Identifier: UNDEF
8bcbfdd0 Authentic:  q7T<25><214><228>Y<223>3<154>3fQ<247><133><7>
8bcbfdd0 Attributes:
8bcbfdd0 	EAP-Message = <1><9><0>&<26><1><9><0>!<16>h<174>J<10><208><13><226><187><221><156>31g<177>`<161>8bffbc75e233
8bcbfdd0 	Message-Authenticator = <0><0><0><0><0><0><0><0><0><0><0><0><0><0><0><0>

8bcbfdd0 Fri Jul 25 07:06:17 2025 452011: DEBUG: EAP result: 3, EAP PEAP inner authentication redispatched to a Handler
8bcbfdd0 Fri Jul 25 07:06:17 2025 452107: DEBUG: AuthBy SQL result: CHALLENGE, EAP PEAP inner authentication redispatched to a Handler
8bcbfdd0 Fri Jul 25 07:06:17 2025 452211: DEBUG: Access challenged for charchels: EAP PEAP inner authentication redispatched to a Handler
8bcbfdd0 Fri Jul 25 07:06:17 2025 452465: DEBUG: Packet dump:
8bcbfdd0 *** Sending to 10.42.96.38 port 53322 ....
8bcbfdd0 Code:       Access-Challenge
8bcbfdd0 Identifier: 35
8bcbfdd0 Authentic:  <167>o<143>.<<199><28><181><134>Z]<149>Z<23><5><247>
8bcbfdd0 Attributes:
8bcbfdd0 	EAP-Message = <1><9><0>E<25><0><23><3><3><0>:<252><236><29>W)<145><128><242><183><130>i<5><14><173><150><3><141><247><245><23><229><28><246><27><249><255><127><9>4<168><31>ZC7<174><247><133>l<8><209><169>!<168><30><165><159><27>U<172><14>x<26>?<18><209><205><226><150>
8bcbfdd0 	Message-Authenticator = <186><172><230><244><131>=<254>W<176><233>Q<166><0><211><28><198>

0c8aaad0 Fri Jul 25 07:06:17 2025 461931: DEBUG: Packet dump:
0c8aaad0 *** Received from 10.42.96.38 port 53322 ....
0c8aaad0 Code:       Access-Request
0c8aaad0 Identifier: 36
0c8aaad0 Authentic:  <130><182><224><170><187><185><247><132>><142>^<188><14>"}<220>
0c8aaad0 Attributes:
0c8aaad0 	User-Name = "charchels"
0c8aaad0 	NAS-Port-Id = "Dot11radio 2/0.2"
0c8aaad0 	NAS-Port-Type = Wireless-IEEE-802-11
0c8aaad0 	Framed-IP-Address = 0.0.0.0
0c8aaad0 	NAS-Port = 2
0c8aaad0 	Acct-Session-Id = "00749cd4a19e_000_0000000025_1753427176"
0c8aaad0 	Calling-Station-Id = "be75f405967a"
0c8aaad0 	Called-Station-Id = "00749cd4a19e:Zeep_Test_Radiator"
0c8aaad0 	Unknown-4881-4 = <0><0><0>3
0c8aaad0 	EAP-Message = <2><9><0>c<25><0><23><3><3><0>X<0><0><0><0><0><0><0><2>*<227>J<149><167><166><222><159><141>^<253><168><146><214>'<255><189><15>:<178><130><215>M!<199><191><238>-=b<175><164><26><249>']<175><240>s^W<158><14><130><240>.<205><247><138><198><133>P<162><222><226>8<22>f|<131>+<206><242><179>Fq<7>-<226><168><146>f<196><138><2><8>AT$<198>
0c8aaad0 	Message-Authenticator = <227><177>7<127><160><254><235>EH<240><183>J<22><139>_<148>
0c8aaad0 	Service-Type = Framed-User
0c8aaad0 	Framed-Routing = None
0c8aaad0 	Framed-IP-Netmask = 0.0.0.0
0c8aaad0 	Framed-Route = "0.0.0.0"
0c8aaad0 	Login-IP-Host = 0.0.0.0
0c8aaad0 	NAS-IP-Address = 10.42.96.38

0c8aaad0 Fri Jul 25 07:06:17 2025 462161: DEBUG: Handling request with Handler '', Identifier ''
0c8aaad0 Fri Jul 25 07:06:17 2025 462309: DEBUG: SessINTERNAL: Deleting session for charchels, 10.42.96.38, 2
0c8aaad0 Fri Jul 25 07:06:17 2025 472738: DEBUG: Handling with AuthSQL
0c8aaad0 Fri Jul 25 07:06:17 2025 472856: DEBUG: Handling with Radius::AuthSQL: 
0c8aaad0 Fri Jul 25 07:06:17 2025 473019: DEBUG: Handling with EAP: code 2, 9, 99, 25
0c8aaad0 Fri Jul 25 07:06:17 2025 473117: DEBUG: Response type 25
0c8aaad0 Fri Jul 25 07:06:17 2025 473282: DEBUG: EAP PEAP inner authentication request for anonymous
0c8aaad0 Fri Jul 25 07:06:17 2025 473454: DEBUG: PEAP Tunnelled request Packet dump:
0c8aaad0 Code:       Access-Request
0c8aaad0 Identifier: UNDEF
0c8aaad0 Authentic:  <183>wARj<249><27><141><181><139><19><5>D<238><29><214>
0c8aaad0 Attributes:
0c8aaad0 	EAP-Message = <2><9><0>D<26><2><9><0>?19h<228>*<139>ixJ<189>4<182>?-<163><206><205><0><0><0><0><0><0><0><0>%<204>!<184><5><226><159><243><9><130><139><170><128>93v<237>:<202><9>1<211>h<243><0>charchels
0c8aaad0 	Message-Authenticator = <0><0><0><0><0><0><0><0><0><0><0><0><0><0><0><0>
0c8aaad0 	NAS-IP-Address = 10.42.96.38
0c8aaad0 	NAS-Port = 2
0c8aaad0 	Calling-Station-Id = "be75f405967a"
0c8aaad0 	User-Name = "anonymous"

0c8aaad0 Fri Jul 25 07:06:17 2025 473572: DEBUG: Handling request with Handler 'TunnelledByPEAP=1', Identifier ''
0c8aaad0 Fri Jul 25 07:06:17 2025 473700: DEBUG: SessINTERNAL: Deleting session for anonymous, 10.42.96.38, 2
0c8aaad0 Fri Jul 25 07:06:17 2025 473803: DEBUG: Handling with AuthSQL
0c8aaad0 Fri Jul 25 07:06:17 2025 473892: DEBUG: Handling with Radius::AuthSQL: 
0c8aaad0 Fri Jul 25 07:06:17 2025 474033: DEBUG: Handling with EAP: code 2, 9, 68, 26
0c8aaad0 Fri Jul 25 07:06:17 2025 474131: DEBUG: Response type 26
0c8aaad0 Fri Jul 25 07:06:17 2025 474347: DEBUG: Converted EAP-MSCHAPV2 Packet dump:
0c8aaad0 Code:       Access-Request
0c8aaad0 Identifier: UNDEF
0c8aaad0 Authentic:  <204>'<221>d<171><176><182><205><209><191><250><9>:><253><14>
0c8aaad0 Attributes:
0c8aaad0 	User-Name = "charchels"
0c8aaad0 	ConvertedFromEAPMSCHAPV2 = 1
0c8aaad0 	MS-CHAP2-Response = <1><0>9h<228>*<139>ixJ<189>4<182>?-<163><206><205>0<0><0><0><0><0><0><0>%<204>!<184><5><226><159><243><9><130><139><170><128>93v<237>:<202><9>1<211>h<243>
0c8aaad0 	MS-CHAP-Challenge = h<174>J<10><208><13><226><187><221><156>31g<177>`<161>

0c8aaad0 Fri Jul 25 07:06:17 2025 474473: DEBUG: Handling request with Handler '', Identifier ''
0c8aaad0 Fri Jul 25 07:06:17 2025 474600: DEBUG: SessINTERNAL: Deleting session for charchels, 10.42.96.38, 
0c8aaad0 Fri Jul 25 07:06:17 2025 474748: DEBUG: Handling with AuthSQL
0c8aaad0 Fri Jul 25 07:06:17 2025 474837: DEBUG: Handling with Radius::AuthSQL: 
00000000 Fri Jul 25 07:06:17 2025 475103: DEBUG: Query to 'dbi:Pg:dbname=radius;host=10.42.4.5;port=5432 Connection id: 0-00000': 'SELECT password, (remaining_bytes >> 32) AS flux_max_high32, (remaining_bytes & 4294967295) AS flux_max_low32 FROM subscribers WHERE username = 'charchels' AND remaining_bytes > 0 AND status = 1 AND EXISTS (SELECT 1 FROM nas_session_mac_attrs AS n JOIN allowed_nas_mac_address AS a ON n.called_station_id = a.called_station_id WHERE n.username = subscribers.username)': 
0c8aaad0 Fri Jul 25 07:06:17 2025 475973: DEBUG: Radius::AuthSQL looks for match with 'charchels' [charchels]
0c8aaad0 Fri Jul 25 07:06:17 2025 476094: DEBUG: Radius::AuthSQL REJECT: No such user: 'charchels' [charchels]
00000000 Fri Jul 25 07:06:17 2025 476269: DEBUG: Query to 'dbi:Pg:dbname=radius;host=10.42.4.5;port=5432 Connection id: 0-00000': 'SELECT password, (remaining_bytes >> 32) AS flux_max_high32, (remaining_bytes & 4294967295) AS flux_max_low32 FROM subscribers WHERE username = 'DEFAULT' AND remaining_bytes > 0 AND status = 1 AND EXISTS (SELECT 1 FROM nas_session_mac_attrs AS n JOIN allowed_nas_mac_address AS a ON n.called_station_id = a.called_station_id WHERE n.username = subscribers.username)': 
0c8aaad0 Fri Jul 25 07:06:17 2025 476996: DEBUG: AuthBy SQL result: REJECT, No such user
0c8aaad0 Fri Jul 25 07:06:17 2025 477137: INFO: Access rejected for charchels: No such user
0c8aaad0 Fri Jul 25 07:06:17 2025 477302: DEBUG: Converted EAP-MSCHAPV2 response Packet dump:
0c8aaad0 Code:       Access-Reject
0c8aaad0 Identifier: UNDEF
0c8aaad0 Authentic:  <204>'<221>d<171><176><182><205><209><191><250><9>:><253><14>
0c8aaad0 Attributes:
0c8aaad0 	Reply-Message = "Request Denied"

0c8aaad0 Fri Jul 25 07:06:17 2025 477434: DEBUG: EAP Failure, elapsed time 0.025992
0c8aaad0 Fri Jul 25 07:06:17 2025 477579: DEBUG: EAP result: 1, EAP-MSCHAPV2 converted to Radius MSCHAPV2 and redispatched to a Handler
0c8aaad0 Fri Jul 25 07:06:17 2025 477681: DEBUG: AuthBy SQL result: REJECT, EAP-MSCHAPV2 converted to Radius MSCHAPV2 and redispatched to a Handler
0c8aaad0 Fri Jul 25 07:06:17 2025 477781: INFO: Access rejected for anonymous: EAP-MSCHAPV2 converted to Radius MSCHAPV2 and redispatched to a Handler
0c8aaad0 Fri Jul 25 07:06:17 2025 477941: DEBUG: Returned PEAP tunnelled packet dump:
0c8aaad0 Code:       Access-Reject
0c8aaad0 Identifier: UNDEF
0c8aaad0 Authentic:  <183>wARj<249><27><141><181><139><19><5>D<238><29><214>
0c8aaad0 Attributes:
0c8aaad0 	EAP-Message = <4><9><0><4>
0c8aaad0 	Message-Authenticator = <0><0><0><0><0><0><0><0><0><0><0><0><0><0><0><0>
0c8aaad0 	Reply-Message = "Request Denied"

0c8aaad0 Fri Jul 25 07:06:17 2025 478103: DEBUG: EAP result: 3, EAP PEAP inner authentication redispatched to a Handler
0c8aaad0 Fri Jul 25 07:06:17 2025 478203: DEBUG: AuthBy SQL result: CHALLENGE, EAP PEAP inner authentication redispatched to a Handler
0c8aaad0 Fri Jul 25 07:06:17 2025 478300: DEBUG: Access challenged for charchels: EAP PEAP inner authentication redispatched to a Handler
0c8aaad0 Fri Jul 25 07:06:17 2025 478541: DEBUG: Packet dump:
0c8aaad0 *** Sending to 10.42.96.38 port 53322 ....
0c8aaad0 Code:       Access-Challenge
0c8aaad0 Identifier: 36
0c8aaad0 Authentic:  <227>c M;0<11><183><247>2<213><130><127>w<140>-
0c8aaad0 Attributes:
0c8aaad0 	EAP-Message = <1><10><0>.<25><0><23><3><3><0>#<252><236><29>W)<145><128><243>D<173>2<25><138><12>_T|<13>P<191>g<141>.U<227>-Q<156>P<21><253><233><165><221><197>
0c8aaad0 	Message-Authenticator = <148><211><245><244><154>}<198><128><9><228>r<159><170><179><24>v

9e5425d0 Fri Jul 25 07:06:17 2025 488677: DEBUG: Packet dump:
9e5425d0 *** Received from 10.42.96.38 port 53322 ....
9e5425d0 Code:       Access-Request
9e5425d0 Identifier: 37
9e5425d0 Authentic:  <130><182><224><170><187><185><247><132>><142>^<188><154>"}<220>
9e5425d0 Attributes:
9e5425d0 	User-Name = "charchels"
9e5425d0 	NAS-Port-Id = "Dot11radio 2/0.2"
9e5425d0 	NAS-Port-Type = Wireless-IEEE-802-11
9e5425d0 	Framed-IP-Address = 0.0.0.0
9e5425d0 	NAS-Port = 2
9e5425d0 	Acct-Session-Id = "00749cd4a19e_000_0000000025_1753427176"
9e5425d0 	Calling-Station-Id = "be75f405967a"
9e5425d0 	Called-Station-Id = "00749cd4a19e:Zeep_Test_Radiator"
9e5425d0 	Unknown-4881-4 = <0><0><0>3
9e5425d0 	EAP-Message = <2><10><0>.<25><0><23><3><3><0>#<0><0><0><0><0><0><0><3>;<219>Vz<137><132>0NM<132>0<211><16><29>U;0<163><177><240><3>0v<240><<249>k
9e5425d0 	Message-Authenticator = n<232>i<212><138>G<245>t<182><158><222><236><161><15><1>?
9e5425d0 	Service-Type = Framed-User
9e5425d0 	Framed-Routing = None
9e5425d0 	Framed-IP-Netmask = 0.0.0.0
9e5425d0 	Framed-Route = "0.0.0.0"
9e5425d0 	Login-IP-Host = 0.0.0.0
9e5425d0 	NAS-IP-Address = 10.42.96.38

9e5425d0 Fri Jul 25 07:06:17 2025 488904: DEBUG: Handling request with Handler '', Identifier ''
9e5425d0 Fri Jul 25 07:06:17 2025 489052: DEBUG: SessINTERNAL: Deleting session for charchels, 10.42.96.38, 2
9e5425d0 Fri Jul 25 07:06:17 2025 499637: DEBUG: Handling with AuthSQL
9e5425d0 Fri Jul 25 07:06:17 2025 499755: DEBUG: Handling with Radius::AuthSQL: 
9e5425d0 Fri Jul 25 07:06:17 2025 499919: DEBUG: Handling with EAP: code 2, 10, 46, 25
9e5425d0 Fri Jul 25 07:06:17 2025 500018: DEBUG: Response type 25
9e5425d0 Fri Jul 25 07:06:17 2025 500178: DEBUG: EAP Failure, elapsed time 0.227485
9e5425d0 Fri Jul 25 07:06:17 2025 500295: DEBUG: EAP result: 1, PEAP Authentication Failure
9e5425d0 Fri Jul 25 07:06:17 2025 500404: DEBUG: AuthBy SQL result: REJECT, PEAP Authentication Failure
9e5425d0 Fri Jul 25 07:06:17 2025 500505: INFO: Access rejected for charchels: PEAP Authentication Failure
9e5425d0 Fri Jul 25 07:06:17 2025 500741: DEBUG: Packet dump:
9e5425d0 *** Sending to 10.42.96.38 port 53322 ....
9e5425d0 Code:       Access-Reject
9e5425d0 Identifier: 37
9e5425d0 Authentic:  <157>V<167>+<11><228><10>)<195><222>B<164><180>R<217>/
9e5425d0 Attributes:
9e5425d0 	EAP-Message = <4><10><0><4>
9e5425d0 	Message-Authenticator = <204>c@<155>8<160><11><189><221><31><180>p<204><15>$N
9e5425d0 	Reply-Message = "Request Denied"

